transfer_id,from_account,to_account,amount,timestamp
TXN-000001,AC-00002,AC-00323,222066.98,2026-07-22T14:12:37.286834
TXN-000002,AC-00229,AC-00135,103304.32,2026-07-18T23:01:49.286834
TXN-000003,AC-00168,AC-00071,99960.45,2026-07-22T11:48:43.286834
TXN-000004,AC-00108,AC-00351,219496.54,2026-07-23T11:24:00.286834
TXN-000005,AC-00104,AC-00082,119931.32,2026-07-10T06:53:35.286834
TXN-000006,AC-00329,AC-00217,229733.58,2026-07-01T09:30:19.286834
TXN-000007,AC-00160,AC-00116,55669.21,2026-07-09T18:31:09.286834
TXN-000008,AC-00113,AC-00122,7056.28,2026-07-15T01:14:21.286834
TXN-000009,AC-00269,AC-00291,168887.46,2026-07-20T06:51:49.286834
TXN-000010,AC-00144,AC-00152,106274.51,2026-07-09T06:19:19.286834
TXN-000011,AC-00287,AC-00343,31421.25,2026-07-19T04:53:30.286834
TXN-000012,AC-00142,AC-00311,153820.43,2026-06-27T08:38:39.286834
TXN-000013,AC-00167,AC-00162,153297.36,2026-07-04T16:08:47.286834
TXN-000014,AC-00279,AC-00004,23331.66,2026-07-18T19:36:57.286834
TXN-000015,AC-00318,AC-00217,51630.44,2026-07-14T13:47:23.286834
TXN-000016,AC-00033,AC-00225,147599.9,2026-06-27T03:32:33.286834
TXN-000017,AC-00056,AC-00253,162163.18,2026-07-19T22:38:33.286834
TXN-000018,AC-00280,AC-00209,150995.18,2026-07-11T00:12:12.286834
TXN-000019,AC-00355,AC-00202,182781.87,2026-07-12T01:33:50.286834
TXN-000020,AC-00167,AC-00268,153673.83,2026-07-21T21:34:35.286834
TXN-000021,AC-00155,AC-00310,19144.05,2026-07-03T20:46:33.286834
TXN-000022,AC-00160,AC-00254,134917.97,2026-07-15T02:23:17.286834
TXN-000023,AC-00228,AC-00031,7692.08,2026-07-09T04:43:06.286834
TXN-000024,AC-00305,AC-00342,99418.33,2026-07-04T16:29:48.286834
TXN-000025,AC-00328,AC-00108,154419.66,2026-07-16T07:53:15.286834
TXN-000026,AC-00019,AC-00066,200074.52,2026-07-15T00:09:51.286834
TXN-000027,AC-00265,AC-00161,219245.98,2026-07-12T22:48:20.286834
TXN-000028,AC-00093,AC-00180,247768.64,2026-06-30T00:40:34.286834
TXN-000029,AC-00061,AC-00074,209649.5,2026-07-25T05:50:27.286834
TXN-000030,AC-00165,AC-00145,22611.75,2026-06-28T08:29:02.286834
TXN-000031,AC-00311,AC-00190,229883.97,2026-07-14T13:23:32.286834
TXN-000032,AC-00267,AC-00328,140724.65,2026-07-26T09:42:45.286834
TXN-000033,AC-00131,AC-00099,11569.42,2026-07-20T06:47:12.286834
TXN-000034,AC-00148,AC-00036,87994.39,2026-06-29T03:49:39.286834
TXN-000035,AC-00260,AC-00122,153473.42,2026-07-14T16:30:59.286834
TXN-000036,AC-00125,AC-00104,12446.32,2026-06-29T20:47:18.286834
TXN-000037,AC-00118,AC-00226,29899.73,2026-07-09T17:51:19.286834
TXN-000038,AC-00090,AC-00246,63039.42,2026-06-30T16:50:48.286834
TXN-000039,AC-00247,AC-00236,7705.06,2026-07-23T16:41:15.286834
TXN-000040,AC-00201,AC-00007,174641.14,2026-07-06T00:36:03.286834
TXN-000041,AC-00026,AC-00039,140261.76,2026-07-14T06:42:59.286834
TXN-000042,AC-00096,AC-00324,202638.46,2026-07-22T00:41:04.286834
TXN-000043,AC-00027,AC-00151,239428.16,2026-07-18T15:29:47.286834
TXN-000044,AC-00296,AC-00347,32417.55,2026-07-06T06:22:39.286834
TXN-000045,AC-00356,AC-00009,183626.6,2026-07-03T08:56:49.286834
TXN-000046,AC-00080,AC-00219,230274.41,2026-07-06T23:05:26.286834
TXN-000047,AC-00126,AC-00093,18332.15,2026-07-16T07:47:34.286834
TXN-000048,AC-00265,AC-00143,109373.55,2026-07-19T07:57:53.286834
TXN-000049,AC-00006,AC-00196,200036.82,2026-07-25T21:36:23.286834
TXN-000050,AC-00123,AC-00255,172913.32,2026-07-01T23:01:49.286834
TXN-000051,AC-00342,AC-00087,137083.64,2026-07-01T23:27:11.286834
TXN-000052,AC-00163,AC-00105,70035.43,2026-07-23T04:46:49.286834
TXN-000053,AC-00090,AC-00226,30868.46,2026-07-07T16:30:05.286834
TXN-000054,AC-00213,AC-00100,244914.92,2026-07-24T05:56:28.286834
TXN-000055,AC-00049,AC-00170,129687.54,2026-07-03T01:10:24.286834
TXN-000056,AC-00004,AC-00143,245895.07,2026-07-25T13:34:51.286834
TXN-000057,AC-00347,AC-00221,118503.08,2026-07-07T11:01:38.286834
TXN-000058,AC-00022,AC-00342,124542.58,2026-07-05T03:53:25.286834
TXN-000059,AC-00025,AC-00015,29841.64,2026-07-05T11:16:30.286834
TXN-000060,AC-00003,AC-00015,137472.04,2026-07-13T12:45:41.286834
TXN-000061,AC-00299,AC-00312,238788.45,2026-07-22T18:00:05.286834
TXN-000062,AC-00088,AC-00200,107290.94,2026-07-04T22:08:46.286834
TXN-000063,AC-00161,AC-00213,9280.56,2026-07-23T22:37:49.286834
TXN-000064,AC-00146,AC-00075,89817.4,2026-07-23T10:28:02.286834
TXN-000065,AC-00104,AC-00273,183533.2,2026-07-23T07:35:56.286834
TXN-000066,AC-00116,AC-00223,223856.26,2026-07-19T21:23:34.286834
TXN-000067,AC-00037,AC-00234,79949.76,2026-07-15T21:40:51.286834
TXN-000068,AC-00140,AC-00244,129567.88,2026-07-08T01:23:59.286834
TXN-000069,AC-00187,AC-00091,189079.94,2026-07-02T03:06:55.286834
TXN-000070,AC-00152,AC-00326,211254.67,2026-06-30T05:38:32.286834
TXN-000071,AC-00270,AC-00329,198541.54,2026-06-28T12:12:23.286834
TXN-000072,AC-00133,AC-00355,27052.54,2026-07-19T10:45:15.286834
TXN-000073,AC-00277,AC-00118,238845.22,2026-06-28T04:09:21.286834
TXN-000074,AC-00120,AC-00353,8885.6,2026-07-02T00:12:39.286834
TXN-000075,AC-00041,AC-00086,65558.94,2026-07-19T11:07:19.286834
TXN-000076,AC-00018,AC-00339,72778.45,2026-07-12T06:01:42.286834
TXN-000077,AC-00344,AC-00309,81903.82,2026-07-22T13:18:43.286834
TXN-000078,AC-00202,AC-00235,95304.97,2026-06-28T21:34:51.286834
TXN-000079,AC-00096,AC-00044,63785.05,2026-07-15T01:28:14.286834
TXN-000080,AC-00201,AC-00151,151819.52,2026-07-20T04:00:46.286834
TXN-000081,AC-00239,AC-00205,136492.78,2026-07-02T03:03:35.286834
TXN-000082,AC-00246,AC-00324,60846.18,2026-07-11T03:57:44.286834
TXN-000083,AC-00224,AC-00210,89849.98,2026-07-03T04:56:03.286834
TXN-000084,AC-00088,AC-00257,190730.9,2026-07-10T13:54:54.286834
TXN-000085,AC-00045,AC-00280,126324.05,2026-07-01T00:02:48.286834
TXN-000086,AC-00123,AC-00264,163549.39,2026-06-30T06:07:30.286834
TXN-000087,AC-00136,AC-00126,171949.33,2026-07-24T05:54:35.286834
TXN-000088,AC-00103,AC-00045,67960.9,2026-07-02T01:22:53.286834
TXN-000089,AC-00002,AC-00022,172688.29,2026-07-26T03:46:14.286834
TXN-000090,AC-00239,AC-00272,180045.32,2026-07-04T17:13:27.286834
TXN-000091,AC-00137,AC-00347,173087.64,2026-07-01T07:24:52.286834
TXN-000092,AC-00360,AC-00318,117463.41,2026-07-26T07:43:39.286834
TXN-000093,AC-00163,AC-00356,213473.84,2026-07-08T09:48:44.286834
TXN-000094,AC-00337,AC-00134,248366.98,2026-07-22T10:27:09.286834
TXN-000095,AC-00233,AC-00356,22856.74,2026-07-03T15:15:49.286834
TXN-000096,AC-00179,AC-00024,147762.47,2026-07-06T05:03:08.286834
TXN-000097,AC-00222,AC-00360,177907.75,2026-07-21T09:46:21.286834
TXN-000098,AC-00064,AC-00036,139118.83,2026-07-16T20:32:42.286834
TXN-000099,AC-00039,AC-00277,63908.43,2026-07-19T00:45:59.286834
TXN-000100,AC-00200,AC-00132,39012.92,2026-07-24T14:20:53.286834
TXN-000101,AC-00087,AC-00021,62393.14,2026-07-18T21:40:32.286834
TXN-000102,AC-00192,AC-00338,98532.82,2026-07-14T22:52:44.286834
TXN-000103,AC-00066,AC-00020,171686.14,2026-07-03T08:35:53.286834
TXN-000104,AC-00065,AC-00300,144306.15,2026-07-09T05:16:33.286834
TXN-000105,AC-00190,AC-00050,158252.89,2026-07-06T09:16:01.286834
TXN-000106,AC-00307,AC-00278,68978.58,2026-07-25T03:17:22.286834
TXN-000107,AC-00327,AC-00339,187690.92,2026-07-22T12:21:21.286834
TXN-000108,AC-00247,AC-00322,176885.78,2026-06-29T00:44:52.286834
TXN-000109,AC-00034,AC-00254,200040.78,2026-07-08T16:02:20.286834
TXN-000110,AC-00342,AC-00094,89423.57,2026-07-01T03:52:33.286834
TXN-000111,AC-00016,AC-00054,185785.37,2026-07-06T22:34:03.286834
TXN-000112,AC-00303,AC-00131,101381.73,2026-07-19T22:11:14.286834
TXN-000113,AC-00313,AC-00261,87906.14,2026-07-10T12:16:26.286834
TXN-000114,AC-00206,AC-00083,175861.55,2026-06-30T06:38:40.286834
TXN-000115,AC-00023,AC-00335,40089.11,2026-07-12T06:41:26.286834
TXN-000116,AC-00016,AC-00222,30511.03,2026-07-23T00:26:17.286834
TXN-000117,AC-00007,AC-00215,205014.15,2026-07-25T14:41:49.286834
TXN-000118,AC-00053,AC-00100,203953.55,2026-07-23T16:37:51.286834
TXN-000119,AC-00125,AC-00347,56634.08,2026-07-10T21:54:17.286834
TXN-000120,AC-00246,AC-00040,198328.81,2026-07-01T11:53:30.286834
TXN-000121,AC-00011,AC-00065,78326.99,2026-07-08T02:06:14.286834
TXN-000122,AC-00235,AC-00353,70498.19,2026-06-29T09:47:31.286834
TXN-000123,AC-00070,AC-00341,13041.16,2026-07-24T18:17:21.286834
TXN-000124,AC-00084,AC-00099,245655.14,2026-07-22T03:32:02.286834
TXN-000125,AC-00050,AC-00333,141861.04,2026-07-07T12:06:11.286834
TXN-000126,AC-00111,AC-00229,141422.99,2026-07-03T11:29:16.286834
TXN-000127,AC-00308,AC-00279,139644.97,2026-07-02T14:41:23.286834
TXN-000128,AC-00202,AC-00128,216319.84,2026-07-05T01:31:22.286834
TXN-000129,AC-00335,AC-00052,131409.4,2026-06-29T10:02:20.286834
TXN-000130,AC-00045,AC-00143,11692.15,2026-07-09T17:28:37.286834
TXN-000131,AC-00305,AC-00110,103482.88,2026-06-28T01:24:32.286834
TXN-000132,AC-00292,AC-00352,136473.38,2026-07-10T04:40:58.286834
TXN-000133,AC-00248,AC-00067,64123.35,2026-06-30T22:48:54.286834
TXN-000134,AC-00260,AC-00147,60533.19,2026-07-15T19:43:13.286834
TXN-000135,AC-00204,AC-00090,196098.36,2026-07-18T21:24:43.286834
TXN-000136,AC-00047,AC-00131,88180.17,2026-07-04T14:19:26.286834
TXN-000137,AC-00198,AC-00349,58141.27,2026-07-08T19:28:20.286834
TXN-000138,AC-00254,AC-00065,163749.85,2026-07-19T20:53:37.286834
TXN-000139,AC-00034,AC-00069,108649.99,2026-07-13T14:20:40.286834
TXN-000140,AC-00200,AC-00198,177968.89,2026-07-01T14:33:15.286834
TXN-000141,AC-00201,AC-00311,98001.08,2026-07-14T06:32:30.286834
TXN-000142,AC-00132,AC-00085,202441.88,2026-07-16T01:01:00.286834
TXN-000143,AC-00331,AC-00325,225451.89,2026-06-29T23:41:32.286834
TXN-000144,AC-00118,AC-00097,42911.36,2026-07-24T13:46:28.286834
TXN-000145,AC-00005,AC-00107,180215.22,2026-07-07T16:35:56.286834
TXN-000146,AC-00003,AC-00009,133521.34,2026-07-26T00:57:27.286834
TXN-000147,AC-00305,AC-00275,51809.92,2026-07-26T20:29:00.286834
TXN-000148,AC-00208,AC-00059,121702.81,2026-07-13T01:22:02.286834
TXN-000149,AC-00149,AC-00115,32150.37,2026-07-09T18:50:58.286834
TXN-000150,AC-00271,AC-00049,127708.07,2026-07-02T23:08:00.286834
TXN-000151,AC-00205,AC-00355,146509.11,2026-07-05T17:39:12.286834
TXN-000152,AC-00360,AC-00335,4020.33,2026-07-05T11:35:50.286834
TXN-000153,AC-00026,AC-00252,45056.41,2026-07-03T02:23:09.286834
TXN-000154,AC-00275,AC-00239,187481.87,2026-07-02T14:19:12.286834
TXN-000155,AC-00041,AC-00212,246550.0,2026-07-10T21:01:23.286834
TXN-000156,AC-00265,AC-00336,137661.36,2026-07-20T14:24:23.286834
TXN-000157,AC-00311,AC-00273,56900.45,2026-07-08T07:22:52.286834
TXN-000158,AC-00250,AC-00117,8262.91,2026-07-05T19:44:29.286834
TXN-000159,AC-00093,AC-00184,246282.11,2026-07-07T04:34:20.286834
TXN-000160,AC-00119,AC-00315,79241.68,2026-07-17T03:03:12.286834
TXN-000161,AC-00341,AC-00145,43857.7,2026-06-27T07:05:18.286834
TXN-000162,AC-00240,AC-00273,205811.43,2026-07-16T23:25:24.286834
TXN-000163,AC-00169,AC-00349,10880.05,2026-07-17T04:47:21.286834
TXN-000164,AC-00142,AC-00038,134160.06,2026-07-17T06:54:07.286834
TXN-000165,AC-00267,AC-00044,57844.79,2026-06-30T16:18:56.286834
TXN-000166,AC-00147,AC-00210,129704.24,2026-07-24T08:06:02.286834
TXN-000167,AC-00046,AC-00318,202590.57,2026-07-23T21:48:22.286834
TXN-000168,AC-00173,AC-00189,132399.19,2026-07-06T12:25:46.286834
TXN-000169,AC-00118,AC-00051,85960.01,2026-07-20T17:11:57.286834
TXN-000170,AC-00327,AC-00029,211311.23,2026-06-27T14:56:03.286834
TXN-000171,AC-00298,AC-00172,158173.32,2026-07-16T19:51:09.286834
TXN-000172,AC-00133,AC-00287,5939.16,2026-07-22T20:51:44.286834
TXN-000173,AC-00340,AC-00039,53407.57,2026-07-25T13:22:59.286834
TXN-000174,AC-00141,AC-00104,148659.67,2026-07-11T00:49:44.286834
TXN-000175,AC-00272,AC-00245,58750.37,2026-06-30T21:02:23.286834
TXN-000176,AC-00130,AC-00154,141414.77,2026-07-08T17:27:58.286834
TXN-000177,AC-00175,AC-00339,53441.76,2026-07-25T21:06:42.286834
TXN-000178,AC-00210,AC-00256,58771.47,2026-07-14T02:30:27.286834
TXN-000179,AC-00318,AC-00135,76643.05,2026-07-18T05:20:54.286834
TXN-000180,AC-00245,AC-00183,176027.15,2026-07-05T20:30:14.286834
TXN-000181,AC-00082,AC-00062,229213.53,2026-07-06T10:59:29.286834
TXN-000182,AC-00284,AC-00343,187646.41,2026-07-20T09:25:17.286834
TXN-000183,AC-00207,AC-00004,3292.84,2026-07-03T23:12:48.286834
TXN-000184,AC-00060,AC-00166,160735.65,2026-07-13T07:15:56.286834
TXN-000185,AC-00128,AC-00027,167766.69,2026-07-02T10:20:48.286834
TXN-000186,AC-00050,AC-00357,74493.59,2026-07-17T01:02:00.286834
TXN-000187,AC-00224,AC-00116,46461.56,2026-07-03T01:21:51.286834
TXN-000188,AC-00077,AC-00274,163948.38,2026-07-09T01:27:17.286834
TXN-000189,AC-00115,AC-00042,176625.72,2026-06-27T01:09:21.286834
TXN-000190,AC-00026,AC-00332,199668.59,2026-07-16T04:15:23.286834
TXN-000191,AC-00302,AC-00076,78907.88,2026-07-25T10:56:56.286834
TXN-000192,AC-00060,AC-00072,170567.52,2026-07-10T02:01:39.286834
TXN-000193,AC-00313,AC-00007,44898.78,2026-07-25T18:32:03.286834
TXN-000194,AC-00348,AC-00035,224738.53,2026-07-22T08:29:27.286834
TXN-000195,AC-00022,AC-00032,145938.2,2026-06-28T09:10:53.286834
TXN-000196,AC-00126,AC-00067,242306.36,2026-07-15T02:03:49.286834
TXN-000197,AC-00038,AC-00053,214042.28,2026-07-04T05:39:19.286834
TXN-000198,AC-00026,AC-00355,116051.26,2026-07-09T09:49:24.286834
TXN-000199,AC-00353,AC-00087,181752.32,2026-07-19T13:06:56.286834
TXN-000200,AC-00007,AC-00123,196663.22,2026-07-02T00:09:23.286834
TXN-000201,AC-00260,AC-00184,48393.52,2026-06-30T13:12:54.286834
TXN-000202,AC-00088,AC-00187,206035.0,2026-06-28T06:10:51.286834
TXN-000203,AC-00124,AC-00016,64840.1,2026-07-07T16:18:42.286834
TXN-000204,AC-00173,AC-00263,91438.38,2026-07-12T13:03:09.286834
TXN-000205,AC-00013,AC-00092,58669.6,2026-07-10T16:39:40.286834
TXN-000206,AC-00223,AC-00018,25994.33,2026-07-11T22:27:58.286834
TXN-000207,AC-00018,AC-00126,206119.56,2026-07-18T11:01:50.286834
TXN-000208,AC-00130,AC-00022,107292.58,2026-07-24T06:49:59.286834
TXN-000209,AC-00026,AC-00025,159136.92,2026-07-11T08:24:43.286834
TXN-000210,AC-00167,AC-00064,236090.03,2026-07-03T16:52:40.286834
TXN-000211,AC-00217,AC-00138,246077.19,2026-07-25T20:58:09.286834
TXN-000212,AC-00285,AC-00140,223179.89,2026-07-11T17:51:18.286834
TXN-000213,AC-00114,AC-00248,211883.09,2026-07-15T14:59:20.286834
TXN-000214,AC-00019,AC-00298,91191.26,2026-07-04T05:10:03.286834
TXN-000215,AC-00291,AC-00143,93401.64,2026-07-10T20:49:58.286834
TXN-000216,AC-00273,AC-00227,169032.56,2026-07-25T11:37:47.286834
TXN-000217,AC-00056,AC-00138,129608.22,2026-07-22T08:44:59.286834
TXN-000218,AC-00339,AC-00107,196176.84,2026-07-11T10:51:16.286834
TXN-000219,AC-00049,AC-00192,181733.39,2026-07-20T15:01:30.286834
TXN-000220,AC-00052,AC-00314,147840.18,2026-07-03T18:40:41.286834
TXN-000221,AC-00090,AC-00217,67416.08,2026-07-23T23:54:05.286834
TXN-000222,AC-00359,AC-00057,157911.6,2026-07-15T19:06:40.286834
TXN-000223,AC-00054,AC-00038,10622.75,2026-06-28T20:12:07.286834
TXN-000224,AC-00315,AC-00288,19641.55,2026-07-14T05:54:37.286834
TXN-000225,AC-00295,AC-00092,134542.81,2026-07-02T00:33:59.286834
TXN-000226,AC-00138,AC-00123,197258.88,2026-07-25T03:47:46.286834
TXN-000227,AC-00224,AC-00299,158122.31,2026-07-04T14:51:54.286834
TXN-000228,AC-00061,AC-00229,144860.01,2026-07-18T03:25:05.286834
TXN-000229,AC-00132,AC-00112,220772.53,2026-07-02T10:36:04.286834
TXN-000230,AC-00189,AC-00073,244948.94,2026-07-07T21:28:08.286834
TXN-000231,AC-00103,AC-00190,249197.02,2026-07-04T10:38:03.286834
TXN-000232,AC-00357,AC-00005,227334.47,2026-07-06T00:21:14.286834
TXN-000233,AC-00141,AC-00258,151632.36,2026-07-17T21:39:16.286834
TXN-000234,AC-00209,AC-00123,226113.26,2026-07-13T19:52:06.286834
TXN-000235,AC-00101,AC-00160,36108.49,2026-07-17T07:49:51.286834
TXN-000236,AC-00095,AC-00345,99342.84,2026-07-01T04:26:28.286834
TXN-000237,AC-00087,AC-00148,146203.11,2026-07-01T17:36:16.286834
TXN-000238,AC-00169,AC-00128,219212.39,2026-07-07T07:32:11.286834
TXN-000239,AC-00286,AC-00143,146596.29,2026-06-28T14:00:22.286834
TXN-000240,AC-00114,AC-00309,36315.94,2026-07-09T11:33:29.286834
TXN-000241,AC-00125,AC-00187,52901.86,2026-06-28T10:00:04.286834
TXN-000242,AC-00097,AC-00217,222423.46,2026-07-12T19:13:03.286834
TXN-000243,AC-00209,AC-00141,135374.01,2026-07-01T08:23:34.286834
TXN-000244,AC-00064,AC-00197,52163.11,2026-07-04T11:04:48.286834
TXN-000245,AC-00305,AC-00085,10698.97,2026-07-18T22:14:37.286834
TXN-000246,AC-00262,AC-00326,133096.18,2026-07-15T19:55:18.286834
TXN-000247,AC-00042,AC-00023,140182.55,2026-06-27T11:49:04.286834
TXN-000248,AC-00238,AC-00082,189986.48,2026-07-26T06:39:55.286834
TXN-000249,AC-00132,AC-00069,144003.47,2026-07-25T01:49:05.286834
TXN-000250,AC-00025,AC-00195,181618.54,2026-07-06T18:03:13.286834
TXN-000251,AC-00293,AC-00215,113402.11,2026-07-20T17:42:17.286834
TXN-000252,AC-00307,AC-00091,163481.39,2026-07-07T19:38:48.286834
TXN-000253,AC-00094,AC-00328,29784.48,2026-07-13T04:57:10.286834
TXN-000254,AC-00086,AC-00213,169178.13,2026-07-21T11:04:10.286834
TXN-000255,AC-00124,AC-00048,200302.21,2026-07-18T12:53:46.286834
TXN-000256,AC-00145,AC-00118,22116.72,2026-06-29T03:05:41.286834
TXN-000257,AC-00038,AC-00292,214983.12,2026-07-25T22:27:20.286834
TXN-000258,AC-00036,AC-00023,80881.65,2026-07-16T18:01:32.286834
TXN-000259,AC-00358,AC-00241,85444.97,2026-07-11T16:09:39.286834
TXN-000260,AC-00284,AC-00021,195943.65,2026-07-26T20:30:18.286834
TXN-000261,AC-00241,AC-00154,222313.82,2026-07-01T01:58:03.286834
TXN-000262,AC-00146,AC-00313,112514.49,2026-07-05T12:06:32.286834
TXN-000263,AC-00013,AC-00176,146273.03,2026-07-13T16:45:16.286834
TXN-000264,AC-00059,AC-00315,246163.91,2026-07-10T22:02:56.286834
TXN-000265,AC-00211,AC-00029,26334.71,2026-07-04T02:12:00.286834
TXN-000266,AC-00049,AC-00092,146823.16,2026-07-25T14:41:08.286834
TXN-000267,AC-00335,AC-00239,89101.21,2026-07-21T22:51:36.286834
TXN-000268,AC-00315,AC-00003,170926.86,2026-06-28T17:40:55.286834
TXN-000269,AC-00216,AC-00232,4478.13,2026-07-24T05:10:29.286834
TXN-000270,AC-00226,AC-00105,85047.01,2026-07-26T11:56:43.286834
TXN-000271,AC-00206,AC-00325,56508.34,2026-07-04T02:20:08.286834
TXN-000272,AC-00278,AC-00050,241646.29,2026-07-05T01:57:33.286834
TXN-000273,AC-00350,AC-00254,66801.23,2026-07-23T07:29:43.286834
TXN-000274,AC-00026,AC-00058,191926.69,2026-07-16T07:51:20.286834
TXN-000275,AC-00287,AC-00258,212037.09,2026-07-26T21:26:17.286834
TXN-000276,AC-00074,AC-00352,77785.53,2026-07-18T16:19:04.286834
TXN-000277,AC-00183,AC-00195,55541.36,2026-06-30T21:17:14.286834
TXN-000278,AC-00197,AC-00083,44456.62,2026-07-16T23:24:38.286834
TXN-000279,AC-00227,AC-00098,226756.37,2026-07-11T07:23:11.286834
TXN-000280,AC-00277,AC-00239,196117.66,2026-07-16T01:07:29.286834
TXN-000281,AC-00045,AC-00290,33452.33,2026-07-22T09:36:09.286834
TXN-000282,AC-00039,AC-00043,25422.73,2026-07-04T06:59:52.286834
TXN-000283,AC-00259,AC-00173,179183.55,2026-07-25T14:13:03.286834
TXN-000284,AC-00342,AC-00359,33822.93,2026-07-01T19:47:39.286834
TXN-000285,AC-00208,AC-00340,37160.41,2026-06-27T12:32:52.286834
TXN-000286,AC-00112,AC-00081,245221.81,2026-07-10T01:08:50.286834
TXN-000287,AC-00149,AC-00009,146550.57,2026-07-13T23:50:33.286834
TXN-000288,AC-00302,AC-00062,124822.14,2026-07-09T09:08:58.286834
TXN-000289,AC-00015,AC-00304,185812.57,2026-07-04T05:46:49.286834
TXN-000290,AC-00192,AC-00029,69558.84,2026-07-15T07:51:50.286834
TXN-000291,AC-00278,AC-00077,168689.12,2026-07-06T16:58:49.286834
TXN-000292,AC-00311,AC-00193,239865.85,2026-07-01T13:59:32.286834
TXN-000293,AC-00354,AC-00114,123273.44,2026-07-15T01:29:09.286834
TXN-000294,AC-00093,AC-00209,173328.95,2026-07-01T03:22:36.286834
TXN-000295,AC-00287,AC-00100,144679.32,2026-07-04T19:09:45.286834
TXN-000296,AC-00042,AC-00039,178821.93,2026-07-01T10:08:27.286834
TXN-000297,AC-00211,AC-00271,96047.1,2026-07-17T12:16:30.286834
TXN-000298,AC-00328,AC-00314,181725.75,2026-07-22T11:37:18.286834
TXN-000299,AC-00014,AC-00290,215565.87,2026-07-11T23:22:20.286834
TXN-000300,AC-00179,AC-00040,127713.24,2026-07-17T23:10:36.286834
TXN-000301,AC-00027,AC-00154,86324.57,2026-06-28T01:49:34.286834
TXN-000302,AC-00314,AC-00086,246330.28,2026-07-04T18:07:14.286834
TXN-000303,AC-00232,AC-00087,98226.1,2026-07-22T22:25:02.286834
TXN-000304,AC-00224,AC-00128,88467.32,2026-07-10T20:40:03.286834
TXN-000305,AC-00328,AC-00118,2811.65,2026-06-28T12:13:04.286834
TXN-000306,AC-00141,AC-00253,55364.54,2026-06-29T05:05:22.286834
TXN-000307,AC-00063,AC-00293,173371.79,2026-07-10T16:51:45.286834
TXN-000308,AC-00055,AC-00195,181179.6,2026-07-11T15:41:27.286834
TXN-000309,AC-00140,AC-00134,57257.21,2026-07-06T11:02:42.286834
TXN-000310,AC-00168,AC-00282,46956.31,2026-07-11T11:27:50.286834
TXN-000311,AC-00221,AC-00226,199618.62,2026-06-29T19:22:43.286834
TXN-000312,AC-00282,AC-00141,3452.1,2026-07-12T04:49:25.286834
TXN-000313,AC-00122,AC-00250,228769.17,2026-07-06T14:22:41.286834
TXN-000314,AC-00036,AC-00337,82255.75,2026-07-03T02:57:16.286834
TXN-000315,AC-00295,AC-00280,25096.11,2026-07-01T01:46:00.286834
TXN-000316,AC-00129,AC-00241,202868.37,2026-07-11T01:10:42.286834
TXN-000317,AC-00174,AC-00122,127858.36,2026-07-02T03:49:45.286834
TXN-000318,AC-00066,AC-00155,198504.83,2026-07-17T03:42:30.286834
TXN-000319,AC-00242,AC-00031,114530.48,2026-07-01T22:25:03.286834
TXN-000320,AC-00288,AC-00051,226790.63,2026-07-08T05:25:45.286834
TXN-000321,AC-00184,AC-00322,54768.73,2026-07-09T19:17:29.286834
TXN-000322,AC-00041,AC-00274,205742.83,2026-06-30T13:25:33.286834
TXN-000323,AC-00216,AC-00149,87124.24,2026-07-02T10:27:55.286834
TXN-000324,AC-00234,AC-00314,102427.54,2026-07-12T22:21:27.286834
TXN-000325,AC-00185,AC-00325,107168.59,2026-07-19T11:59:43.286834
TXN-000326,AC-00036,AC-00353,12062.4,2026-07-05T16:27:07.286834
TXN-000327,AC-00116,AC-00169,54342.48,2026-07-21T16:08:36.286834
TXN-000328,AC-00083,AC-00074,127300.92,2026-07-24T17:56:59.286834
TXN-000329,AC-00196,AC-00349,102368.52,2026-07-26T00:03:09.286834
TXN-000330,AC-00304,AC-00335,215250.43,2026-07-12T15:07:44.286834
TXN-000331,AC-00321,AC-00088,64245.95,2026-07-13T03:06:05.286834
TXN-000332,AC-00269,AC-00226,127186.36,2026-07-03T19:23:47.286834
TXN-000333,AC-00099,AC-00221,238572.01,2026-07-03T04:37:41.286834
TXN-000334,AC-00226,AC-00218,144359.4,2026-07-19T15:31:34.286834
TXN-000335,AC-00229,AC-00295,240046.28,2026-06-29T04:15:46.286834
TXN-000336,AC-00173,AC-00132,227219.39,2026-06-30T12:19:38.286834
TXN-000337,AC-00097,AC-00060,146833.81,2026-07-18T07:45:00.286834
TXN-000338,AC-00145,AC-00220,61102.61,2026-07-04T10:30:53.286834
TXN-000339,AC-00271,AC-00124,158373.19,2026-07-16T19:12:19.286834
TXN-000340,AC-00210,AC-00296,86015.14,2026-06-27T02:26:47.286834
TXN-000341,AC-00249,AC-00113,77842.2,2026-06-30T05:40:02.286834
TXN-000342,AC-00049,AC-00073,73254.41,2026-06-28T04:42:22.286834
TXN-000343,AC-00153,AC-00207,148922.12,2026-07-09T02:17:02.286834
TXN-000344,AC-00093,AC-00132,201444.3,2026-07-16T13:55:19.286834
TXN-000345,AC-00333,AC-00198,181204.03,2026-07-06T06:19:36.286834
TXN-000346,AC-00044,AC-00200,52560.03,2026-06-27T22:38:02.286834
TXN-000347,AC-00258,AC-00002,220507.01,2026-07-22T02:54:01.286834
TXN-000348,AC-00229,AC-00112,160379.17,2026-07-16T02:25:00.286834
TXN-000349,AC-00165,AC-00051,237579.17,2026-07-01T01:54:37.286834
TXN-000350,AC-00108,AC-00101,115190.3,2026-07-04T17:48:17.286834
TXN-000351,AC-00137,AC-00136,117815.8,2026-07-26T09:05:35.286834
TXN-000352,AC-00191,AC-00021,226738.32,2026-07-02T19:04:43.286834
TXN-000353,AC-00269,AC-00096,187147.94,2026-07-01T09:42:37.286834
TXN-000354,AC-00274,AC-00021,110423.91,2026-07-24T12:15:43.286834
TXN-000355,AC-00018,AC-00326,67818.46,2026-06-30T05:49:28.286834
TXN-000356,AC-00125,AC-00253,241663.69,2026-07-09T00:54:09.286834
TXN-000357,AC-00186,AC-00232,3722.55,2026-07-10T01:45:04.286834
TXN-000358,AC-00326,AC-00052,39438.64,2026-07-03T10:46:29.286834
TXN-000359,AC-00116,AC-00120,6984.32,2026-06-29T08:11:04.286834
TXN-000360,AC-00040,AC-00309,147761.3,2026-07-04T23:09:57.286834
TXN-000361,AC-00287,AC-00271,155958.85,2026-06-29T01:29:58.286834
TXN-000362,AC-00074,AC-00283,172841.55,2026-07-21T21:33:16.286834
TXN-000363,AC-00067,AC-00019,235463.08,2026-06-28T21:34:13.286834
TXN-000364,AC-00169,AC-00013,88539.66,2026-07-23T08:52:15.286834
TXN-000365,AC-00203,AC-00315,125453.17,2026-07-01T10:08:12.286834
TXN-000366,AC-00360,AC-00347,190358.41,2026-07-14T20:13:51.286834
TXN-000367,AC-00326,AC-00136,46958.19,2026-07-15T08:21:21.286834
TXN-000368,AC-00038,AC-00111,37552.2,2026-07-05T01:52:57.286834
TXN-000369,AC-00223,AC-00271,133067.15,2026-07-05T19:12:07.286834
TXN-000370,AC-00346,AC-00288,95270.04,2026-06-30T23:11:31.286834
TXN-000371,AC-00049,AC-00242,180134.84,2026-07-08T15:32:58.286834
TXN-000372,AC-00002,AC-00082,17914.42,2026-07-19T00:28:07.286834
TXN-000373,AC-00121,AC-00147,32503.46,2026-07-18T05:15:00.286834
TXN-000374,AC-00172,AC-00126,69386.93,2026-07-23T03:33:48.286834
TXN-000375,AC-00113,AC-00222,83167.85,2026-07-17T23:13:31.286834
TXN-000376,AC-00076,AC-00030,26959.92,2026-07-09T07:35:07.286834
TXN-000377,AC-00091,AC-00206,5049.81,2026-07-22T03:57:06.286834
TXN-000378,AC-00127,AC-00017,189213.63,2026-07-19T03:05:50.286834
TXN-000379,AC-00313,AC-00182,4929.96,2026-06-29T03:00:32.286834
TXN-000380,AC-00287,AC-00239,179265.07,2026-07-05T07:40:33.286834
TXN-000381,AC-00106,AC-00356,225313.44,2026-07-24T11:23:49.286834
TXN-000382,AC-00054,AC-00244,176406.21,2026-07-22T23:47:14.286834
TXN-000383,AC-00287,AC-00010,65612.08,2026-06-30T03:12:33.286834
TXN-000384,AC-00105,AC-00040,197475.79,2026-07-05T11:17:24.286834
TXN-000385,AC-00078,AC-00070,246529.71,2026-07-23T00:25:54.286834
TXN-000386,AC-00057,AC-00309,32821.55,2026-07-23T21:24:02.286834
TXN-000387,AC-00204,AC-00146,87956.84,2026-07-03T02:47:02.286834
TXN-000388,AC-00077,AC-00220,70428.23,2026-07-04T06:22:07.286834
TXN-000389,AC-00338,AC-00270,48084.64,2026-07-16T01:06:21.286834
TXN-000390,AC-00324,AC-00262,117867.36,2026-07-18T06:47:22.286834
TXN-000391,AC-00050,AC-00162,82656.24,2026-07-15T06:30:53.286834
TXN-000392,AC-00032,AC-00024,131085.8,2026-07-02T18:00:06.286834
TXN-000393,AC-00119,AC-00161,117899.36,2026-07-17T20:22:43.286834
TXN-000394,AC-00077,AC-00045,46284.98,2026-07-13T01:36:58.286834
TXN-000395,AC-00012,AC-00295,176770.35,2026-07-07T23:13:16.286834
TXN-000396,AC-00121,AC-00183,124748.28,2026-07-03T10:56:53.286834
TXN-000397,AC-00163,AC-00208,113040.28,2026-06-30T22:18:15.286834
TXN-000398,AC-00338,AC-00104,208040.95,2026-07-24T19:19:42.286834
TXN-000399,AC-00350,AC-00315,122552.88,2026-07-15T07:19:18.286834
TXN-000400,AC-00238,AC-00229,234015.17,2026-06-27T16:26:33.286834
TXN-000401,AC-00041,AC-00094,242354.48,2026-07-12T14:55:48.286834
TXN-000402,AC-00080,AC-00136,191945.21,2026-07-21T18:00:36.286834
TXN-000403,AC-00267,AC-00037,151639.84,2026-07-25T20:08:09.286834
TXN-000404,AC-00104,AC-00183,221290.44,2026-07-20T00:42:07.286834
TXN-000405,AC-00182,AC-00212,122925.11,2026-07-08T19:10:44.286834
TXN-000406,AC-00005,AC-00023,38263.5,2026-07-21T15:07:17.286834
TXN-000407,AC-00061,AC-00082,133227.4,2026-07-06T11:08:38.286834
TXN-000408,AC-00033,AC-00304,244802.89,2026-07-16T00:02:08.286834
TXN-000409,AC-00218,AC-00104,107188.29,2026-07-08T00:44:46.286834
TXN-000410,AC-00109,AC-00347,195039.89,2026-07-22T06:05:37.286834
TXN-000411,AC-00249,AC-00237,59047.62,2026-07-18T15:27:13.286834
TXN-000412,AC-00336,AC-00198,247903.35,2026-07-04T20:30:42.286834
TXN-000413,AC-00146,AC-00092,219572.17,2026-07-13T23:51:02.286834
TXN-000414,AC-00077,AC-00276,107248.05,2026-07-25T23:02:07.286834
TXN-000415,AC-00001,AC-00207,112622.83,2026-07-09T12:29:26.286834
TXN-000416,AC-00173,AC-00112,86855.28,2026-07-04T13:03:31.286834
TXN-000417,AC-00183,AC-00236,139245.48,2026-07-06T22:22:07.286834
TXN-000418,AC-00148,AC-00011,147761.51,2026-07-18T20:54:47.286834
TXN-000419,AC-00357,AC-00099,83428.01,2026-07-15T05:59:34.286834
TXN-000420,AC-00260,AC-00306,126474.97,2026-07-25T02:38:21.286834
TXN-000421,AC-00278,AC-00360,243118.81,2026-07-14T14:07:13.286834
TXN-000422,AC-00328,AC-00168,219169.59,2026-06-28T22:36:18.286834
TXN-000423,AC-00299,AC-00083,99260.06,2026-06-28T23:32:59.286834
TXN-000424,AC-00105,AC-00127,15491.97,2026-07-20T15:13:41.286834
TXN-000425,AC-00332,AC-00234,205371.63,2026-07-26T22:56:48.286834
TXN-000426,AC-00015,AC-00141,140118.92,2026-07-03T13:26:01.286834
TXN-000427,AC-00167,AC-00162,154421.75,2026-07-20T14:18:38.286834
TXN-000428,AC-00285,AC-00246,179747.0,2026-07-06T17:34:11.286834
TXN-000429,AC-00077,AC-00062,37566.23,2026-07-16T11:01:00.286834
TXN-000430,AC-00288,AC-00092,7812.22,2026-07-07T07:18:56.286834
TXN-000431,AC-00275,AC-00273,224929.92,2026-06-28T14:56:01.286834
TXN-000432,AC-00119,AC-00188,154364.12,2026-07-14T20:58:39.286834
TXN-000433,AC-00286,AC-00229,66331.52,2026-07-01T05:21:22.286834
TXN-000434,AC-00088,AC-00064,42430.21,2026-07-26T19:06:59.286834
TXN-000435,AC-00219,AC-00134,99766.94,2026-07-15T18:24:44.286834
TXN-000436,AC-00030,AC-00145,138569.51,2026-07-14T20:57:16.286834
TXN-000437,AC-00129,AC-00172,201904.65,2026-07-08T23:59:33.286834
TXN-000438,AC-00280,AC-00138,91681.85,2026-07-07T23:03:27.286834
TXN-000439,AC-00262,AC-00359,65933.08,2026-07-22T14:29:26.286834
TXN-000440,AC-00058,AC-00191,28280.86,2026-07-10T12:07:09.286834
TXN-000441,AC-00312,AC-00255,162477.09,2026-06-27T01:41:57.286834
TXN-000442,AC-00131,AC-00044,76655.12,2026-07-07T15:59:27.286834
TXN-000443,AC-00117,AC-00020,180011.56,2026-07-11T11:18:14.286834
TXN-000444,AC-00332,AC-00117,217055.28,2026-07-08T14:25:21.286834
TXN-000445,AC-00357,AC-00162,105428.26,2026-07-18T03:46:38.286834
TXN-000446,AC-00189,AC-00234,106752.63,2026-07-04T03:01:54.286834
TXN-000447,AC-00350,AC-00096,190588.56,2026-07-14T04:28:27.286834
TXN-000448,AC-00088,AC-00204,134722.28,2026-07-14T09:59:28.286834
TXN-000449,AC-00293,AC-00199,165214.23,2026-07-04T03:40:25.286834
TXN-000450,AC-00169,AC-00202,127526.71,2026-06-29T03:41:00.286834
TXN-000451,AC-00003,AC-00288,110646.29,2026-07-12T15:12:36.286834
TXN-000452,AC-00284,AC-00258,2884.81,2026-06-29T09:18:06.286834
TXN-000453,AC-00181,AC-00302,184714.53,2026-07-21T08:50:33.286834
TXN-000454,AC-00300,AC-00102,20507.16,2026-07-10T08:06:33.286834
TXN-000455,AC-00307,AC-00203,112031.58,2026-06-30T02:12:44.286834
TXN-000456,AC-00211,AC-00148,59479.5,2026-07-09T23:00:36.286834
TXN-000457,AC-00311,AC-00003,102107.17,2026-07-19T19:32:57.286834
TXN-000458,AC-00287,AC-00068,219678.16,2026-07-09T03:06:55.286834
TXN-000459,AC-00147,AC-00273,225214.81,2026-07-25T17:52:53.286834
TXN-000460,AC-00249,AC-00240,142087.98,2026-07-10T01:15:01.286834
TXN-000461,AC-00288,AC-00175,187223.26,2026-07-09T09:55:28.286834
TXN-000462,AC-00181,AC-00030,241800.44,2026-07-16T08:08:38.286834
TXN-000463,AC-00343,AC-00263,64752.65,2026-06-30T06:31:32.286834
TXN-000464,AC-00223,AC-00137,232998.94,2026-07-25T08:02:18.286834
TXN-000465,AC-00151,AC-00330,200660.16,2026-07-14T01:44:00.286834
TXN-000466,AC-00305,AC-00078,137086.55,2026-07-09T17:23:09.286834
TXN-000467,AC-00177,AC-00305,223950.75,2026-07-02T21:42:10.286834
TXN-000468,AC-00223,AC-00043,165717.44,2026-07-13T16:23:21.286834
TXN-000469,AC-00144,AC-00113,239283.94,2026-07-08T06:09:40.286834
TXN-000470,AC-00198,AC-00244,167881.49,2026-07-02T00:33:05.286834
TXN-000471,AC-00283,AC-00272,242213.78,2026-06-30T19:36:35.286834
TXN-000472,AC-00025,AC-00351,214897.73,2026-07-18T07:11:46.286834
TXN-000473,AC-00038,AC-00010,241075.03,2026-07-22T08:27:41.286834
TXN-000474,AC-00262,AC-00070,27370.19,2026-07-11T15:59:52.286834
TXN-000475,AC-00290,AC-00145,170632.55,2026-07-15T05:10:24.286834
TXN-000476,AC-00192,AC-00095,88176.56,2026-07-05T18:28:27.286834
TXN-000477,AC-00204,AC-00085,91605.38,2026-07-26T14:15:59.286834
TXN-000478,AC-00347,AC-00107,172946.67,2026-06-27T03:29:31.286834
TXN-000479,AC-00113,AC-00004,21877.81,2026-07-13T17:52:33.286834
TXN-000480,AC-00120,AC-00091,3238.51,2026-07-20T23:44:08.286834
TXN-000481,AC-00251,AC-00095,169372.84,2026-07-12T17:46:13.286834
TXN-000482,AC-00155,AC-00206,39262.62,2026-07-16T06:16:27.286834
TXN-000483,AC-00120,AC-00021,128837.19,2026-07-23T07:02:26.286834
TXN-000484,AC-00060,AC-00172,237592.22,2026-07-22T03:09:38.286834
TXN-000485,AC-00292,AC-00083,12231.18,2026-07-13T01:34:55.286834
TXN-000486,AC-00047,AC-00097,50539.42,2026-07-06T02:51:08.286834
TXN-000487,AC-00174,AC-00308,79804.5,2026-07-19T10:01:09.286834
TXN-000488,AC-00111,AC-00185,145115.48,2026-07-19T00:40:53.286834
TXN-000489,AC-00189,AC-00298,20726.74,2026-07-07T03:10:18.286834
TXN-000490,AC-00309,AC-00045,13893.0,2026-07-19T08:43:53.286834
TXN-000491,AC-00243,AC-00184,182044.74,2026-07-19T16:59:02.286834
TXN-000492,AC-00020,AC-00317,97320.35,2026-07-07T15:15:29.286834
TXN-000493,AC-00002,AC-00093,35768.92,2026-07-11T17:48:58.286834
TXN-000494,AC-00039,AC-00045,109687.1,2026-07-25T18:29:33.286834
TXN-000495,AC-00017,AC-00069,241630.73,2026-07-12T11:08:52.286834
TXN-000496,AC-00200,AC-00073,95185.11,2026-07-07T13:06:30.286834
TXN-000497,AC-00024,AC-00210,128606.1,2026-07-07T00:51:35.286834
TXN-000498,AC-00106,AC-00218,229776.82,2026-06-27T11:25:28.286834
TXN-000499,AC-00248,AC-00154,210974.43,2026-07-20T00:06:15.286834
TXN-000500,AC-00226,AC-00212,12941.24,2026-07-19T22:50:48.286834
TXN-000501,AC-00044,AC-00021,175774.72,2026-06-29T02:26:43.286834
TXN-000502,AC-00062,AC-00058,220513.07,2026-07-01T01:33:22.286834
TXN-000503,AC-00088,AC-00251,109163.57,2026-07-19T03:38:50.286834
TXN-000504,AC-00055,AC-00104,101764.79,2026-07-21T17:17:47.286834
TXN-000505,AC-00233,AC-00074,244347.96,2026-07-25T05:53:52.286834
TXN-000506,AC-00326,AC-00286,170135.14,2026-07-06T17:02:14.286834
TXN-000507,AC-00342,AC-00184,224170.51,2026-07-23T20:17:19.286834
TXN-000508,AC-00176,AC-00185,176609.83,2026-07-23T03:00:12.286834
TXN-000509,AC-00067,AC-00260,134218.06,2026-07-09T21:18:31.286834
TXN-000510,AC-00344,AC-00168,8740.29,2026-07-13T06:59:34.286834
TXN-000511,AC-00167,AC-00222,93514.95,2026-07-09T01:41:55.286834
TXN-000512,AC-00116,AC-00003,110712.7,2026-07-16T23:27:09.286834
TXN-000513,AC-00226,AC-00114,73891.96,2026-07-24T04:47:10.286834
TXN-000514,AC-00040,AC-00013,50455.31,2026-07-18T07:37:39.286834
TXN-000515,AC-00157,AC-00076,68843.94,2026-07-25T18:35:18.286834
TXN-000516,AC-00194,AC-00148,184938.75,2026-06-30T18:09:01.286834
TXN-000517,AC-00251,AC-00059,142207.44,2026-07-08T04:16:46.286834
TXN-000518,AC-00279,AC-00201,220984.63,2026-07-07T10:17:55.286834
TXN-000519,AC-00258,AC-00345,126034.01,2026-07-14T12:49:41.286834
TXN-000520,AC-00180,AC-00296,155233.32,2026-07-03T23:05:20.286834
TXN-000521,AC-00073,AC-00268,41326.46,2026-07-02T16:48:38.286834
TXN-000522,AC-00267,AC-00034,184148.35,2026-07-17T19:57:34.286834
TXN-000523,AC-00347,AC-00273,227224.86,2026-07-04T23:56:18.286834
TXN-000524,AC-00109,AC-00106,142294.22,2026-07-05T00:01:34.286834
TXN-000525,AC-00337,AC-00059,226130.51,2026-07-24T22:38:36.286834
TXN-000526,AC-00198,AC-00002,210842.9,2026-06-27T05:22:00.286834
TXN-000527,AC-00284,AC-00334,27628.22,2026-07-13T01:11:46.286834
TXN-000528,AC-00055,AC-00168,180972.72,2026-07-19T01:37:44.286834
TXN-000529,AC-00185,AC-00018,22031.36,2026-07-10T03:33:08.286834
TXN-000530,AC-00317,AC-00008,2156.58,2026-07-12T20:24:05.286834
TXN-000531,AC-00267,AC-00112,43315.26,2026-07-02T16:15:13.286834
TXN-000532,AC-00309,AC-00087,180818.84,2026-07-03T15:07:04.286834
TXN-000533,AC-00296,AC-00218,136945.06,2026-07-16T20:57:51.286834
TXN-000534,AC-00247,AC-00344,145636.94,2026-07-03T07:44:34.286834
TXN-000535,AC-00210,AC-00127,182735.37,2026-07-03T00:16:14.286834
TXN-000536,AC-00246,AC-00263,235791.72,2026-07-18T05:13:27.286834
TXN-000537,AC-00030,AC-00282,244762.14,2026-07-21T14:16:56.286834
TXN-000538,AC-00268,AC-00287,162673.67,2026-07-03T04:24:55.286834
TXN-000539,AC-00314,AC-00029,229724.38,2026-06-29T08:26:00.286834
TXN-000540,AC-00075,AC-00081,128184.31,2026-07-08T09:27:32.286834
TXN-000541,AC-00082,AC-00151,225177.01,2026-06-30T12:42:45.286834
TXN-000542,AC-00083,AC-00327,202165.84,2026-07-15T01:19:19.286834
TXN-000543,AC-00215,AC-00100,63691.25,2026-07-19T07:24:53.286834
TXN-000544,AC-00208,AC-00073,104862.39,2026-07-18T00:23:56.286834
TXN-000545,AC-00262,AC-00154,187103.22,2026-06-29T03:29:33.286834
TXN-000546,AC-00256,AC-00358,203270.33,2026-06-29T07:05:10.286834
TXN-000547,AC-00276,AC-00253,115348.18,2026-07-06T09:45:55.286834
TXN-000548,AC-00050,AC-00196,122698.68,2026-06-30T12:52:04.286834
TXN-000549,AC-00061,AC-00125,173098.8,2026-07-14T16:14:23.286834
TXN-000550,AC-00080,AC-00230,208259.8,2026-06-27T05:49:55.286834
TXN-000551,AC-00271,AC-00244,2563.7,2026-07-21T16:19:19.286834
TXN-000552,AC-00110,AC-00094,2229.02,2026-07-10T17:28:36.286834
TXN-000553,AC-00298,AC-00248,105028.25,2026-07-02T07:02:27.286834
TXN-000554,AC-00272,AC-00123,238253.66,2026-07-10T07:11:02.286834
TXN-000555,AC-00254,AC-00174,133775.82,2026-07-12T02:39:32.286834
TXN-000556,AC-00003,AC-00076,23507.64,2026-07-26T13:54:56.286834
TXN-000557,AC-00222,AC-00255,102315.18,2026-07-04T23:48:43.286834
TXN-000558,AC-00008,AC-00277,105569.98,2026-07-23T23:26:34.286834
TXN-000559,AC-00040,AC-00200,119994.92,2026-06-28T05:07:45.286834
TXN-000560,AC-00069,AC-00093,128572.68,2026-07-07T02:28:43.286834
TXN-000561,AC-00306,AC-00229,136437.79,2026-06-28T18:35:24.286834
TXN-000562,AC-00317,AC-00174,181312.9,2026-07-03T22:33:03.286834
TXN-000563,AC-00021,AC-00321,239469.16,2026-07-26T14:39:11.286834
TXN-000564,AC-00263,AC-00055,225422.6,2026-07-02T14:03:38.286834
TXN-000565,AC-00158,AC-00318,218342.25,2026-06-29T10:41:53.286834
TXN-000566,AC-00024,AC-00048,112529.96,2026-07-23T16:15:30.286834
TXN-000567,AC-00046,AC-00031,29100.87,2026-07-26T07:45:28.286834
TXN-000568,AC-00325,AC-00215,99905.57,2026-07-18T07:08:01.286834
TXN-000569,AC-00279,AC-00060,248751.62,2026-07-23T23:32:31.286834
TXN-000570,AC-00269,AC-00356,166195.52,2026-07-06T06:15:12.286834
TXN-000571,AC-00008,AC-00356,25035.19,2026-07-06T23:42:29.286834
TXN-000572,AC-00106,AC-00306,156458.84,2026-07-24T01:43:50.286834
TXN-000573,AC-00038,AC-00008,80497.64,2026-07-08T17:38:56.286834
TXN-000574,AC-00247,AC-00160,46209.71,2026-07-02T13:36:52.286834
TXN-000575,AC-00033,AC-00169,111967.98,2026-07-21T02:43:04.286834
TXN-000576,AC-00250,AC-00116,232509.93,2026-07-08T08:41:39.286834
TXN-000577,AC-00039,AC-00325,138138.1,2026-07-05T20:58:33.286834
TXN-000578,AC-00251,AC-00324,153535.29,2026-07-03T17:30:46.286834
TXN-000579,AC-00127,AC-00057,55300.41,2026-06-28T22:54:29.286834
TXN-000580,AC-00048,AC-00197,224456.95,2026-07-06T09:50:39.286834
TXN-000581,AC-00324,AC-00307,71263.65,2026-07-23T08:45:31.286834
TXN-000582,AC-00028,AC-00257,51757.95,2026-07-17T12:25:56.286834
TXN-000583,AC-00359,AC-00351,156985.23,2026-07-25T21:34:21.286834
TXN-000584,AC-00206,AC-00145,140784.86,2026-07-12T07:02:07.286834
TXN-000585,AC-00283,AC-00175,148039.71,2026-07-17T18:43:41.286834
TXN-000586,AC-00141,AC-00134,109951.04,2026-06-28T19:13:14.286834
TXN-000587,AC-00276,AC-00167,105104.01,2026-07-23T00:18:55.286834
TXN-000588,AC-00056,AC-00357,150313.26,2026-07-22T21:39:36.286834
TXN-000589,AC-00062,AC-00290,146466.45,2026-07-04T13:09:55.286834
TXN-000590,AC-00041,AC-00297,33634.27,2026-07-21T17:03:33.286834
TXN-000591,AC-00334,AC-00108,47638.68,2026-06-28T23:28:03.286834
TXN-000592,AC-00307,AC-00292,171023.36,2026-07-09T14:16:11.286834
TXN-000593,AC-00352,AC-00056,57493.99,2026-07-04T12:17:41.286834
TXN-000594,AC-00050,AC-00218,9874.77,2026-07-16T02:58:24.286834
TXN-000595,AC-00113,AC-00128,113010.98,2026-07-24T09:43:40.286834
TXN-000596,AC-00297,AC-00352,192331.39,2026-06-27T16:22:26.286834
TXN-000597,AC-00161,AC-00345,125477.37,2026-07-22T14:18:51.286834
TXN-000598,AC-00048,AC-00174,175942.78,2026-07-17T07:22:14.286834
TXN-000599,AC-00171,AC-00103,34753.32,2026-07-01T21:18:18.286834
TXN-000600,AC-00152,AC-00040,121754.78,2026-07-13T01:26:31.286834
TXN-000601,AC-00174,AC-00004,64434.37,2026-07-02T10:25:24.286834
TXN-000602,AC-00353,AC-00329,31294.86,2026-07-10T00:28:21.286834
TXN-000603,AC-00211,AC-00289,55678.64,2026-07-24T15:19:38.286834
TXN-000604,AC-00231,AC-00253,41567.19,2026-06-30T18:58:10.286834
TXN-000605,AC-00089,AC-00061,110119.59,2026-07-05T02:48:35.286834
TXN-000606,AC-00323,AC-00020,189864.97,2026-07-24T20:42:29.286834
TXN-000607,AC-00072,AC-00140,126702.6,2026-07-11T05:29:27.286834
TXN-000608,AC-00329,AC-00350,237310.85,2026-07-06T21:34:03.286834
TXN-000609,AC-00248,AC-00095,114723.79,2026-07-04T04:05:27.286834
TXN-000610,AC-00330,AC-00022,237390.37,2026-07-01T10:49:40.286834
TXN-000611,AC-00167,AC-00187,9477.98,2026-07-26T23:40:09.286834
TXN-000612,AC-00028,AC-00349,50270.63,2026-07-12T15:10:26.286834
TXN-000613,AC-00252,AC-00217,57327.29,2026-07-01T19:24:23.286834
TXN-000614,AC-00358,AC-00286,214273.56,2026-07-02T00:40:59.286834
TXN-000615,AC-00225,AC-00251,242622.68,2026-07-03T04:30:41.286834
TXN-000616,AC-00359,AC-00013,1558.05,2026-07-21T10:07:19.286834
TXN-000617,AC-00199,AC-00139,41296.77,2026-07-25T00:14:33.286834
TXN-000618,AC-00247,AC-00050,116406.37,2026-07-15T11:19:11.286834
TXN-000619,AC-00311,AC-00215,30441.18,2026-07-24T20:47:57.286834
TXN-000620,AC-00198,AC-00025,80411.96,2026-07-24T08:36:29.286834
TXN-000621,AC-00108,AC-00314,67527.63,2026-07-07T03:19:53.286834
TXN-000622,AC-00095,AC-00110,242285.0,2026-06-27T05:55:15.286834
TXN-000623,AC-00242,AC-00308,104343.17,2026-07-11T01:18:32.286834
TXN-000624,AC-00232,AC-00110,16528.53,2026-07-06T17:00:17.286834
TXN-000625,AC-00247,AC-00039,241058.5,2026-07-25T00:40:14.286834
TXN-000626,AC-00276,AC-00280,98907.02,2026-07-11T20:57:07.286834
TXN-000627,AC-00214,AC-00059,60762.43,2026-07-08T05:19:16.286834
TXN-000628,AC-00295,AC-00070,37788.72,2026-07-17T06:54:07.286834
TXN-000629,AC-00307,AC-00063,49439.72,2026-07-22T04:25:55.286834
TXN-000630,AC-00245,AC-00277,47235.1,2026-07-13T07:23:18.286834
TXN-000631,AC-00144,AC-00315,247141.74,2026-07-03T11:19:03.286834
TXN-000632,AC-00189,AC-00343,92578.15,2026-07-09T05:21:28.286834
TXN-000633,AC-00093,AC-00360,33727.6,2026-07-14T06:42:38.286834
TXN-000634,AC-00038,AC-00196,97057.61,2026-06-30T16:39:42.286834
TXN-000635,AC-00199,AC-00125,122021.04,2026-07-21T08:44:58.286834
TXN-000636,AC-00121,AC-00292,197327.66,2026-07-14T10:04:39.286834
TXN-000637,AC-00248,AC-00353,80004.92,2026-07-10T01:34:02.286834
TXN-000638,AC-00036,AC-00273,132456.02,2026-07-09T21:24:31.286834
TXN-000639,AC-00040,AC-00121,186200.52,2026-07-04T02:33:06.286834
TXN-000640,AC-00222,AC-00238,52670.9,2026-07-06T20:21:51.286834
TXN-000641,AC-00147,AC-00064,135582.66,2026-07-17T09:54:17.286834
TXN-000642,AC-00228,AC-00287,202226.59,2026-07-25T15:00:43.286834
TXN-000643,AC-00203,AC-00185,219476.51,2026-07-10T22:17:21.286834
TXN-000644,AC-00187,AC-00082,198806.22,2026-07-20T19:32:44.286834
TXN-000645,AC-00249,AC-00058,43757.48,2026-07-06T19:26:01.286834
TXN-000646,AC-00352,AC-00104,56320.28,2026-06-30T07:04:40.286834
TXN-000647,AC-00120,AC-00058,61769.13,2026-06-27T00:01:59.286834
TXN-000648,AC-00232,AC-00127,192643.04,2026-07-08T06:24:21.286834
TXN-000649,AC-00046,AC-00301,199503.03,2026-06-30T17:57:03.286834
TXN-000650,AC-00159,AC-00349,30011.09,2026-07-08T06:44:53.286834
TXN-000651,AC-00308,AC-00060,200143.91,2026-07-20T06:40:02.286834
TXN-000652,AC-00098,AC-00300,133450.46,2026-07-22T23:10:42.286834
TXN-000653,AC-00086,AC-00177,13850.65,2026-07-12T13:54:17.286834
TXN-000654,AC-00039,AC-00283,38947.69,2026-07-14T21:46:25.286834
TXN-000655,AC-00233,AC-00250,168159.84,2026-07-15T21:48:58.286834
TXN-000656,AC-00257,AC-00070,50815.57,2026-07-13T00:32:18.286834
TXN-000657,AC-00018,AC-00241,170595.49,2026-07-19T15:29:57.286834
TXN-000658,AC-00218,AC-00001,57419.21,2026-07-01T17:48:42.286834
TXN-000659,AC-00213,AC-00275,58647.62,2026-07-10T05:11:21.286834
TXN-000660,AC-00041,AC-00321,148969.59,2026-07-10T08:00:40.286834
TXN-000661,AC-00008,AC-00216,67543.24,2026-06-29T02:10:04.286834
TXN-000662,AC-00239,AC-00319,44002.84,2026-07-08T21:30:44.286834
TXN-000663,AC-00100,AC-00211,5491.58,2026-07-19T21:42:11.286834
TXN-000664,AC-00127,AC-00214,239748.34,2026-07-02T05:51:58.286834
TXN-000665,AC-00355,AC-00010,29042.24,2026-07-13T07:07:21.286834
TXN-000666,AC-00324,AC-00189,182032.51,2026-07-01T11:59:55.286834
TXN-000667,AC-00102,AC-00134,240815.97,2026-07-26T21:45:20.286834
TXN-000668,AC-00235,AC-00075,227554.33,2026-07-22T17:26:39.286834
TXN-000669,AC-00181,AC-00171,78032.1,2026-06-30T22:02:55.286834
TXN-000670,AC-00328,AC-00292,182434.02,2026-06-29T03:39:03.286834
TXN-000671,AC-00209,AC-00048,167098.47,2026-07-13T05:10:08.286834
TXN-000672,AC-00122,AC-00099,224849.37,2026-07-16T01:58:49.286834
TXN-000673,AC-00099,AC-00118,114090.36,2026-07-01T18:17:16.286834
TXN-000674,AC-00093,AC-00171,51253.31,2026-07-06T18:27:54.286834
TXN-000675,AC-00255,AC-00328,140865.4,2026-07-02T13:42:05.286834
TXN-000676,AC-00032,AC-00078,199497.93,2026-07-03T17:29:06.286834
TXN-000677,AC-00111,AC-00104,213973.17,2026-07-06T04:48:00.286834
TXN-000678,AC-00143,AC-00280,161130.92,2026-07-09T18:31:26.286834
TXN-000679,AC-00010,AC-00032,10360.63,2026-07-17T12:56:44.286834
TXN-000680,AC-00108,AC-00001,134017.9,2026-06-27T10:55:41.286834
TXN-000681,AC-00115,AC-00263,65327.21,2026-07-17T05:46:19.286834
TXN-000682,AC-00325,AC-00315,192246.02,2026-07-25T01:25:05.286834
TXN-000683,AC-00255,AC-00316,66347.71,2026-07-03T23:01:50.286834
TXN-000684,AC-00331,AC-00270,174707.58,2026-07-26T12:04:44.286834
TXN-000685,AC-00282,AC-00053,93065.1,2026-07-21T06:19:17.286834
TXN-000686,AC-00351,AC-00200,151265.61,2026-06-29T13:11:45.286834
TXN-000687,AC-00054,AC-00350,219398.38,2026-07-23T08:45:31.286834
TXN-000688,AC-00138,AC-00134,6978.47,2026-07-05T17:05:14.286834
TXN-000689,AC-00292,AC-00071,96288.69,2026-07-14T13:15:31.286834
TXN-000690,AC-00066,AC-00309,144883.27,2026-07-02T00:48:51.286834
TXN-000691,AC-00001,AC-00191,120997.06,2026-07-15T07:40:53.286834
TXN-000692,AC-00171,AC-00055,179362.67,2026-07-09T12:33:29.286834
TXN-000693,AC-00235,AC-00091,171696.11,2026-07-17T15:36:30.286834
TXN-000694,AC-00280,AC-00292,69725.74,2026-06-29T16:47:55.286834
TXN-000695,AC-00087,AC-00078,155415.2,2026-06-27T17:42:25.286834
TXN-000696,AC-00204,AC-00288,63295.83,2026-07-24T04:45:01.286834
TXN-000697,AC-00049,AC-00300,48832.25,2026-06-28T01:20:28.286834
TXN-000698,AC-00034,AC-00237,204130.38,2026-07-02T06:17:35.286834
TXN-000699,AC-00022,AC-00098,187137.07,2026-07-14T14:53:29.286834
TXN-000700,AC-00055,AC-00220,222901.79,2026-07-09T16:22:49.286834
TXN-000701,AC-00186,AC-00132,214458.59,2026-07-16T03:31:22.286834
TXN-000702,AC-00113,AC-00116,168259.01,2026-07-26T18:26:15.286834
TXN-000703,AC-00336,AC-00304,213761.41,2026-06-30T11:31:44.286834
TXN-000704,AC-00014,AC-00109,162192.44,2026-07-19T12:32:04.286834
TXN-000705,AC-00106,AC-00353,4002.98,2026-07-02T06:52:08.286834
TXN-000706,AC-00191,AC-00337,21652.91,2026-07-03T00:31:15.286834
TXN-000707,AC-00230,AC-00106,49547.23,2026-07-12T10:27:27.286834
TXN-000708,AC-00253,AC-00245,46430.9,2026-06-30T22:22:37.286834
TXN-000709,AC-00313,AC-00067,177949.72,2026-06-28T12:49:00.286834
TXN-000710,AC-00264,AC-00167,247941.26,2026-07-12T11:30:59.286834
TXN-000711,AC-00157,AC-00181,90720.17,2026-07-26T22:21:58.286834
TXN-000712,AC-00151,AC-00044,22570.06,2026-07-24T04:53:15.286834
TXN-000713,AC-00337,AC-00344,204670.81,2026-07-20T21:04:34.286834
TXN-000714,AC-00142,AC-00128,161956.66,2026-07-23T02:08:50.286834
TXN-000715,AC-00354,AC-00007,239759.44,2026-07-25T01:41:55.286834
TXN-000716,AC-00259,AC-00337,240395.04,2026-07-06T13:08:34.286834
TXN-000717,AC-00281,AC-00112,22596.43,2026-07-04T12:51:15.286834
TXN-000718,AC-00277,AC-00010,151819.08,2026-06-28T00:24:13.286834
TXN-000719,AC-00226,AC-00115,166612.76,2026-07-21T15:28:29.286834
TXN-000720,AC-00323,AC-00029,61561.77,2026-07-08T13:30:39.286834
TXN-000721,AC-00286,AC-00339,119147.93,2026-07-08T07:33:49.286834
TXN-000722,AC-00103,AC-00094,141815.26,2026-07-20T16:53:42.286834
TXN-000723,AC-00107,AC-00357,42221.05,2026-07-08T05:47:27.286834
TXN-000724,AC-00088,AC-00174,157894.84,2026-07-07T06:41:34.286834
TXN-000725,AC-00024,AC-00153,246099.59,2026-07-26T10:18:47.286834
TXN-000726,AC-00036,AC-00018,133213.38,2026-06-28T01:00:57.286834
TXN-000727,AC-00309,AC-00058,166241.5,2026-07-11T00:23:11.286834
TXN-000728,AC-00187,AC-00261,236448.29,2026-07-04T14:25:58.286834
TXN-000729,AC-00013,AC-00344,96929.09,2026-07-23T15:15:30.286834
TXN-000730,AC-00011,AC-00198,226518.62,2026-07-11T11:48:37.286834
TXN-000731,AC-00356,AC-00077,119917.19,2026-07-18T14:48:41.286834
TXN-000732,AC-00192,AC-00296,122573.24,2026-07-10T11:48:10.286834
TXN-000733,AC-00039,AC-00149,45563.96,2026-07-01T22:25:53.286834
TXN-000734,AC-00252,AC-00013,202866.52,2026-07-05T03:08:38.286834
TXN-000735,AC-00321,AC-00073,170075.39,2026-07-24T10:49:02.286834
TXN-000736,AC-00340,AC-00339,241546.14,2026-07-19T12:44:32.286834
TXN-000737,AC-00332,AC-00069,94488.46,2026-07-23T10:08:02.286834
TXN-000738,AC-00172,AC-00314,42963.87,2026-06-28T06:53:13.286834
TXN-000739,AC-00232,AC-00204,210965.24,2026-07-18T23:01:01.286834
TXN-000740,AC-00059,AC-00333,126651.1,2026-07-16T19:47:28.286834
TXN-000741,AC-00267,AC-00032,72461.8,2026-07-24T04:36:25.286834
TXN-000742,AC-00354,AC-00268,27936.43,2026-07-26T13:36:52.286834
TXN-000743,AC-00073,AC-00262,249903.79,2026-07-16T06:27:25.286834
TXN-000744,AC-00189,AC-00178,127290.48,2026-06-30T21:37:07.286834
TXN-000745,AC-00033,AC-00146,173062.43,2026-07-06T23:09:25.286834
TXN-000746,AC-00101,AC-00123,192660.52,2026-07-04T14:23:55.286834
TXN-000747,AC-00080,AC-00318,174138.04,2026-07-01T06:01:20.286834
TXN-000748,AC-00321,AC-00040,18051.98,2026-07-19T18:32:42.286834
TXN-000749,AC-00230,AC-00100,189199.39,2026-06-29T17:41:30.286834
TXN-000750,AC-00175,AC-00338,75656.8,2026-07-15T04:00:34.286834
TXN-000751,AC-00056,AC-00325,145723.36,2026-07-08T22:25:25.286834
TXN-000752,AC-00044,AC-00252,68145.15,2026-07-01T21:33:13.286834
TXN-000753,AC-00218,AC-00139,22949.56,2026-07-05T02:35:46.286834
TXN-000754,AC-00099,AC-00312,193479.4,2026-07-19T03:25:53.286834
TXN-000755,AC-00072,AC-00129,126864.86,2026-07-14T00:40:53.286834
TXN-000756,AC-00275,AC-00348,36407.72,2026-07-22T08:27:03.286834
TXN-000757,AC-00226,AC-00348,184096.56,2026-06-29T16:49:18.286834
TXN-000758,AC-00253,AC-00113,49846.16,2026-07-09T12:44:47.286834
TXN-000759,AC-00116,AC-00091,169748.66,2026-07-20T19:23:17.286834
TXN-000760,AC-00080,AC-00067,9093.68,2026-07-03T02:39:47.286834
TXN-000761,AC-00128,AC-00315,165866.7,2026-06-29T10:59:39.286834
TXN-000762,AC-00237,AC-00196,40741.13,2026-07-18T17:51:56.286834
TXN-000763,AC-00168,AC-00145,146517.37,2026-07-11T23:38:00.286834
TXN-000764,AC-00226,AC-00304,34578.39,2026-07-05T00:07:07.286834
TXN-000765,AC-00031,AC-00109,186601.97,2026-07-15T03:06:21.286834
TXN-000766,AC-00144,AC-00183,99115.51,2026-07-23T16:06:34.286834
TXN-000767,AC-00145,AC-00235,186891.11,2026-07-12T18:05:15.286834
TXN-000768,AC-00133,AC-00014,207822.39,2026-07-26T21:44:29.286834
TXN-000769,AC-00058,AC-00214,95935.99,2026-07-21T06:52:47.286834
TXN-000770,AC-00225,AC-00330,93491.93,2026-07-19T06:10:37.286834
TXN-000771,AC-00218,AC-00145,69904.14,2026-07-08T13:10:21.286834
TXN-000772,AC-00287,AC-00066,110668.93,2026-06-28T11:34:33.286834
TXN-000773,AC-00081,AC-00185,3291.21,2026-07-01T05:29:30.286834
TXN-000774,AC-00109,AC-00129,133398.09,2026-07-17T20:43:32.286834
TXN-000775,AC-00184,AC-00211,99233.12,2026-07-24T00:21:45.286834
TXN-000776,AC-00337,AC-00342,190250.74,2026-06-27T01:32:15.286834
TXN-000777,AC-00070,AC-00232,155080.53,2026-07-09T12:41:08.286834
TXN-000778,AC-00285,AC-00210,60394.23,2026-07-01T09:23:16.286834
TXN-000779,AC-00116,AC-00237,128901.27,2026-06-28T07:15:27.286834
TXN-000780,AC-00354,AC-00016,198818.76,2026-07-09T15:22:38.286834
TXN-000781,AC-00017,AC-00140,229692.83,2026-07-14T15:32:46.286834
TXN-000782,AC-00208,AC-00345,57578.86,2026-07-20T08:01:03.286834
TXN-000783,AC-00212,AC-00101,213616.82,2026-07-05T06:37:01.286834
TXN-000784,AC-00345,AC-00157,4031.51,2026-07-05T22:16:23.286834
TXN-000785,AC-00224,AC-00197,28567.59,2026-07-18T16:30:33.286834
TXN-000786,AC-00267,AC-00076,17566.59,2026-06-28T12:53:20.286834
TXN-000787,AC-00219,AC-00331,120070.88,2026-07-12T23:56:51.286834
TXN-000788,AC-00092,AC-00258,230818.56,2026-07-12T06:07:57.286834
TXN-000789,AC-00251,AC-00254,176391.98,2026-07-18T15:43:26.286834
TXN-000790,AC-00285,AC-00037,196278.99,2026-07-07T16:27:24.286834
TXN-000791,AC-00062,AC-00212,46093.28,2026-07-10T21:49:22.286834
TXN-000792,AC-00063,AC-00210,229578.15,2026-07-13T22:07:54.286834
TXN-000793,AC-00246,AC-00037,48992.21,2026-07-26T19:54:36.286834
TXN-000794,AC-00083,AC-00274,73636.26,2026-07-09T03:11:59.286834
TXN-000795,AC-00280,AC-00069,135376.02,2026-07-18T21:24:01.286834
TXN-000796,AC-00344,AC-00313,128995.81,2026-07-15T07:39:28.286834
TXN-000797,AC-00037,AC-00242,136553.45,2026-07-10T09:50:29.286834
TXN-000798,AC-00254,AC-00194,192109.21,2026-07-23T20:56:51.286834
TXN-000799,AC-00030,AC-00037,155478.85,2026-07-11T08:03:57.286834
TXN-000800,AC-00068,AC-00003,45797.87,2026-07-04T03:28:06.286834
TXN-000801,AC-00322,AC-00002,132291.83,2026-07-18T10:45:52.286834
TXN-000802,AC-00356,AC-00305,102172.11,2026-07-12T22:46:12.286834
TXN-000803,AC-00054,AC-00273,19791.14,2026-07-15T01:29:35.286834
TXN-000804,AC-00195,AC-00348,196038.16,2026-07-06T11:35:52.286834
TXN-000805,AC-00339,AC-00079,82159.0,2026-07-14T12:09:00.286834
TXN-000806,AC-00100,AC-00299,18446.36,2026-07-10T17:20:51.286834
TXN-000807,AC-00004,AC-00174,227034.72,2026-07-05T18:07:06.286834
TXN-000808,AC-00254,AC-00107,20775.09,2026-06-27T20:05:03.286834
TXN-000809,AC-00139,AC-00197,40990.82,2026-07-23T19:19:33.286834
TXN-000810,AC-00074,AC-00145,165898.04,2026-07-06T23:30:45.286834
TXN-000811,AC-00077,AC-00010,235245.6,2026-07-25T13:13:23.286834
TXN-000812,AC-00035,AC-00360,54544.08,2026-07-19T14:46:10.286834
TXN-000813,AC-00282,AC-00013,165402.7,2026-07-03T13:03:35.286834
TXN-000814,AC-00073,AC-00255,100054.93,2026-07-21T17:11:44.286834
TXN-000815,AC-00065,AC-00077,40542.84,2026-07-26T07:49:13.286834
TXN-000816,AC-00342,AC-00019,62559.88,2026-06-28T23:53:26.286834
TXN-000817,AC-00351,AC-00049,20828.95,2026-07-26T13:07:13.286834
TXN-000818,AC-00081,AC-00218,71494.84,2026-07-14T16:39:55.286834
TXN-000819,AC-00034,AC-00156,124161.27,2026-07-15T11:38:41.286834
TXN-000820,AC-00220,AC-00054,248715.07,2026-07-15T13:49:41.286834
TXN-000821,AC-00132,AC-00246,199273.2,2026-07-04T04:22:10.286834
TXN-000822,AC-00174,AC-00127,139799.04,2026-07-08T10:54:28.286834
TXN-000823,AC-00132,AC-00089,224608.09,2026-07-15T05:25:29.286834
TXN-000824,AC-00147,AC-00029,126018.89,2026-06-28T20:31:47.286834
TXN-000825,AC-00246,AC-00351,20875.21,2026-07-26T14:56:57.286834
TXN-000826,AC-00154,AC-00095,117566.48,2026-06-27T03:49:16.286834
TXN-000827,AC-00092,AC-00168,180011.73,2026-07-15T04:45:45.286834
TXN-000828,AC-00128,AC-00203,177146.55,2026-07-06T15:32:36.286834
TXN-000829,AC-00343,AC-00006,235767.3,2026-07-06T08:46:55.286834
TXN-000830,AC-00010,AC-00216,206436.74,2026-07-06T02:06:16.286834
TXN-000831,AC-00113,AC-00357,235495.57,2026-06-29T16:03:06.286834
TXN-000832,AC-00312,AC-00327,98089.5,2026-07-17T02:55:59.286834
TXN-000833,AC-00085,AC-00303,104060.83,2026-06-27T05:05:04.286834
TXN-000834,AC-00343,AC-00154,175344.34,2026-07-20T09:21:07.286834
TXN-000835,AC-00061,AC-00340,100676.57,2026-07-08T13:40:18.286834
TXN-000836,AC-00180,AC-00081,166861.14,2026-07-21T00:21:53.286834
TXN-000837,AC-00244,AC-00212,46364.61,2026-07-10T09:47:51.286834
TXN-000838,AC-00223,AC-00141,248566.52,2026-07-25T21:14:30.286834
TXN-000839,AC-00292,AC-00030,16967.89,2026-07-18T09:27:36.286834
TXN-000840,AC-00116,AC-00067,179910.95,2026-07-26T05:34:43.286834
TXN-000841,AC-00346,AC-00247,237574.93,2026-07-13T09:29:32.286834
TXN-000842,AC-00123,AC-00118,121404.75,2026-07-13T11:20:10.286834
TXN-000843,AC-00348,AC-00195,12304.78,2026-07-02T18:55:34.286834
TXN-000844,AC-00002,AC-00275,239839.07,2026-07-11T12:25:17.286834
TXN-000845,AC-00133,AC-00025,130309.72,2026-07-15T09:17:57.286834
TXN-000846,AC-00157,AC-00107,22491.25,2026-07-14T00:04:55.286834
TXN-000847,AC-00286,AC-00214,61354.21,2026-07-23T21:21:11.286834
TXN-000848,AC-00276,AC-00180,197244.24,2026-07-23T16:02:54.286834
TXN-000849,AC-00052,AC-00081,153351.05,2026-07-26T07:52:45.286834
TXN-000850,AC-00213,AC-00181,11448.32,2026-06-29T05:51:58.286834
TXN-000851,AC-00172,AC-00327,83697.17,2026-07-26T09:37:15.286834
TXN-000852,AC-00310,AC-00085,131189.69,2026-07-23T19:26:34.286834
TXN-000853,AC-00223,AC-00355,149725.98,2026-06-29T20:03:13.286834
TXN-000854,AC-00193,AC-00089,142485.36,2026-07-14T01:35:26.286834
TXN-000855,AC-00265,AC-00110,185063.22,2026-07-11T00:10:46.286834
TXN-000856,AC-00317,AC-00347,100052.86,2026-07-14T16:44:37.286834
TXN-000857,AC-00212,AC-00111,43725.2,2026-07-20T07:55:23.286834
TXN-000858,AC-00119,AC-00277,180822.14,2026-06-29T07:28:10.286834
TXN-000859,AC-00337,AC-00341,9131.4,2026-07-21T06:24:09.286834
TXN-000860,AC-00099,AC-00229,109010.46,2026-07-17T01:40:22.286834
TXN-000861,AC-00327,AC-00014,128115.84,2026-07-20T10:36:37.286834
TXN-000862,AC-00348,AC-00157,63867.75,2026-07-08T20:05:23.286834
TXN-000863,AC-00102,AC-00268,249176.33,2026-07-07T04:17:31.286834
TXN-000864,AC-00144,AC-00270,694.49,2026-07-07T12:04:05.286834
TXN-000865,AC-00227,AC-00055,83849.47,2026-07-05T05:36:17.286834
TXN-000866,AC-00354,AC-00287,173265.53,2026-07-10T21:20:04.286834
TXN-000867,AC-00151,AC-00123,193831.83,2026-06-30T12:53:38.286834
TXN-000868,AC-00360,AC-00112,192592.84,2026-07-20T16:37:39.286834
TXN-000869,AC-00143,AC-00096,32104.62,2026-06-29T21:49:31.286834
TXN-000870,AC-00332,AC-00278,128279.42,2026-07-03T10:29:00.286834
TXN-000871,AC-00321,AC-00020,171383.67,2026-07-21T21:14:10.286834
TXN-000872,AC-00325,AC-00157,215358.09,2026-07-08T12:13:33.286834
TXN-000873,AC-00276,AC-00125,178348.8,2026-07-05T12:08:55.286834
TXN-000874,AC-00321,AC-00047,35657.38,2026-07-06T06:09:45.286834
TXN-000875,AC-00126,AC-00334,144187.16,2026-07-01T11:55:48.286834
TXN-000876,AC-00036,AC-00012,91010.14,2026-07-19T16:14:07.286834
TXN-000877,AC-00356,AC-00247,154522.58,2026-07-24T03:47:16.286834
TXN-000878,AC-00204,AC-00076,135349.86,2026-07-22T16:05:13.286834
TXN-000879,AC-00246,AC-00259,174773.27,2026-07-02T22:07:46.286834
TXN-000880,AC-00174,AC-00270,220225.09,2026-07-25T16:00:04.286834
TXN-000881,AC-00285,AC-00180,63169.72,2026-07-26T10:18:36.286834
TXN-000882,AC-00048,AC-00249,105481.09,2026-07-04T17:25:08.286834
TXN-000883,AC-00321,AC-00019,39677.6,2026-07-21T20:05:15.286834
TXN-000884,AC-00108,AC-00322,152469.81,2026-07-12T12:29:00.286834
TXN-000885,AC-00088,AC-00290,172267.09,2026-07-04T20:49:26.286834
TXN-000886,AC-00118,AC-00063,115188.68,2026-06-27T09:40:43.286834
TXN-000887,AC-00259,AC-00148,109530.6,2026-07-16T19:18:36.286834
TXN-000888,AC-00310,AC-00325,95306.44,2026-07-13T13:19:26.286834
TXN-000889,AC-00053,AC-00227,134915.73,2026-07-01T06:51:57.286834
TXN-000890,AC-00084,AC-00111,124128.36,2026-07-05T03:59:36.286834
TXN-000891,AC-00281,AC-00286,163919.56,2026-07-03T07:19:22.286834
TXN-000892,AC-00289,AC-00242,21387.94,2026-07-10T06:44:28.286834
TXN-000893,AC-00290,AC-00334,57794.57,2026-07-18T07:12:04.286834
TXN-000894,AC-00040,AC-00323,228565.87,2026-07-21T05:08:14.286834
TXN-000895,AC-00004,AC-00193,81849.32,2026-07-18T14:17:20.286834
TXN-000896,AC-00056,AC-00157,169411.76,2026-07-24T18:48:25.286834
TXN-000897,AC-00146,AC-00346,78922.82,2026-07-21T17:53:19.286834
TXN-000898,AC-00150,AC-00188,28829.45,2026-07-03T11:25:17.286834
TXN-000899,AC-00081,AC-00317,69504.92,2026-07-12T03:18:21.286834
TXN-000900,AC-00178,AC-00137,15299.36,2026-06-28T05:49:07.286834
TXN-000901,AC-00082,AC-00045,69963.47,2026-07-21T03:46:53.286834
TXN-000902,AC-00274,AC-00269,148762.98,2026-07-01T09:29:43.286834
TXN-000903,AC-00313,AC-00198,122863.44,2026-06-28T07:37:27.286834
TXN-000904,AC-00204,AC-00030,206455.35,2026-07-11T01:19:59.286834
TXN-000905,AC-00182,AC-00215,16068.62,2026-07-14T06:51:52.286834
TXN-000906,AC-00199,AC-00126,226991.77,2026-07-23T15:50:19.286834
TXN-000907,AC-00343,AC-00178,62660.7,2026-07-19T21:30:53.286834
TXN-000908,AC-00314,AC-00322,190429.64,2026-07-16T22:32:21.286834
TXN-000909,AC-00274,AC-00152,172578.6,2026-07-19T07:25:42.286834
TXN-000910,AC-00283,AC-00053,171124.08,2026-07-10T03:59:47.286834
TXN-000911,AC-00184,AC-00020,219830.7,2026-07-21T13:21:27.286834
TXN-000912,AC-00070,AC-00342,243617.15,2026-07-07T13:38:49.286834
TXN-000913,AC-00278,AC-00123,91020.62,2026-07-21T10:30:13.286834
TXN-000914,AC-00086,AC-00194,173776.15,2026-07-06T21:13:31.286834
TXN-000915,AC-00359,AC-00102,86483.21,2026-07-04T19:10:25.286834
TXN-000916,AC-00176,AC-00278,144607.1,2026-07-24T10:57:03.286834
TXN-000917,AC-00347,AC-00061,235542.47,2026-07-18T07:42:25.286834
TXN-000918,AC-00017,AC-00304,19190.59,2026-06-27T04:24:50.286834
TXN-000919,AC-00320,AC-00038,207167.46,2026-07-07T21:14:19.286834
TXN-000920,AC-00223,AC-00278,13312.03,2026-06-27T12:39:03.286834
TXN-000921,AC-00118,AC-00212,91330.92,2026-07-01T10:26:30.286834
TXN-000922,AC-00141,AC-00076,14592.48,2026-07-17T19:12:46.286834
TXN-000923,AC-00223,AC-00252,156875.23,2026-07-16T04:44:08.286834
TXN-000924,AC-00035,AC-00174,140577.69,2026-07-01T04:33:39.286834
TXN-000925,AC-00033,AC-00300,61941.27,2026-07-08T19:01:26.286834
TXN-000926,AC-00341,AC-00025,58212.95,2026-07-10T05:32:09.286834
TXN-000927,AC-00129,AC-00235,97742.16,2026-07-10T08:57:13.286834
TXN-000928,AC-00318,AC-00046,23703.5,2026-07-07T09:57:09.286834
TXN-000929,AC-00100,AC-00261,44940.57,2026-07-01T11:17:03.286834
TXN-000930,AC-00281,AC-00339,102071.51,2026-07-23T06:57:44.286834
TXN-000931,AC-00038,AC-00144,134188.93,2026-07-25T10:49:01.286834
TXN-000932,AC-00300,AC-00080,138162.9,2026-07-11T17:48:45.286834
TXN-000933,AC-00265,AC-00173,88837.13,2026-07-09T16:23:46.286834
TXN-000934,AC-00158,AC-00294,139784.07,2026-07-25T14:59:10.286834
TXN-000935,AC-00137,AC-00236,137473.04,2026-07-08T16:10:09.286834
TXN-000936,AC-00258,AC-00031,89504.13,2026-07-05T21:02:25.286834
TXN-000937,AC-00134,AC-00139,135481.93,2026-06-27T21:31:32.286834
TXN-000938,AC-00319,AC-00306,224736.67,2026-07-01T09:03:25.286834
TXN-000939,AC-00248,AC-00225,92107.32,2026-07-13T22:46:19.286834
TXN-000940,AC-00342,AC-00163,188817.38,2026-07-15T08:46:40.286834
TXN-000941,AC-00244,AC-00311,35016.29,2026-07-09T06:33:16.286834
TXN-000942,AC-00138,AC-00292,146415.95,2026-06-28T03:18:02.286834
TXN-000943,AC-00317,AC-00190,72998.83,2026-07-24T21:19:38.286834
TXN-000944,AC-00149,AC-00129,205101.01,2026-07-11T19:45:22.286834
TXN-000945,AC-00032,AC-00185,93464.49,2026-07-17T23:03:57.286834
TXN-000946,AC-00349,AC-00179,154135.54,2026-06-30T09:01:51.286834
TXN-000947,AC-00058,AC-00252,134772.06,2026-07-01T13:01:07.286834
TXN-000948,AC-00071,AC-00117,48765.82,2026-07-02T23:41:38.286834
TXN-000949,AC-00011,AC-00021,133419.61,2026-07-20T20:53:34.286834
TXN-000950,AC-00064,AC-00187,122099.66,2026-07-03T18:20:53.286834
TXN-000951,AC-00338,AC-00279,195036.79,2026-07-20T13:03:53.286834
TXN-000952,AC-00087,AC-00065,161004.69,2026-07-15T09:24:27.286834
TXN-000953,AC-00272,AC-00334,69857.87,2026-07-14T04:01:43.286834
TXN-000954,AC-00067,AC-00249,229982.98,2026-07-19T20:59:29.286834
TXN-000955,AC-00117,AC-00138,174132.62,2026-07-21T17:17:49.286834
TXN-000956,AC-00032,AC-00360,95879.6,2026-07-03T21:03:57.286834
TXN-000957,AC-00080,AC-00055,18776.71,2026-07-24T05:58:44.286834
TXN-000958,AC-00308,AC-00286,39605.56,2026-07-25T17:49:05.286834
TXN-000959,AC-00154,AC-00015,123380.95,2026-07-20T02:20:02.286834
TXN-000960,AC-00217,AC-00168,138743.68,2026-07-07T06:39:13.286834
TXN-000961,AC-00200,AC-00329,215215.82,2026-07-08T10:01:43.286834
TXN-000962,AC-00159,AC-00161,166438.34,2026-07-22T23:05:10.286834
TXN-000963,AC-00319,AC-00161,225595.04,2026-07-10T02:40:11.286834
TXN-000964,AC-00219,AC-00243,238120.5,2026-07-02T09:50:27.286834
TXN-000965,AC-00010,AC-00272,101641.25,2026-06-27T23:39:24.286834
TXN-000966,AC-00142,AC-00243,212101.29,2026-07-04T04:59:01.286834
TXN-000967,AC-00339,AC-00074,173207.62,2026-07-03T03:54:31.286834
TXN-000968,AC-00042,AC-00113,227333.04,2026-07-03T01:20:03.286834
TXN-000969,AC-00163,AC-00171,208650.56,2026-06-28T08:41:13.286834
TXN-000970,AC-00290,AC-00025,47674.01,2026-07-04T22:25:43.286834
TXN-000971,AC-00001,AC-00232,247623.46,2026-07-14T04:10:32.286834
TXN-000972,AC-00002,AC-00133,28562.27,2026-07-26T06:41:09.286834
TXN-000973,AC-00212,AC-00281,37466.21,2026-07-11T01:32:19.286834
TXN-000974,AC-00027,AC-00129,133074.06,2026-06-27T00:32:59.286834
TXN-000975,AC-00316,AC-00315,89752.53,2026-07-19T11:34:40.286834
TXN-000976,AC-00122,AC-00211,141857.68,2026-07-13T17:51:41.286834
TXN-000977,AC-00316,AC-00207,173438.86,2026-07-11T17:51:43.286834
TXN-000978,AC-00084,AC-00085,198572.98,2026-07-11T11:18:01.286834
TXN-000979,AC-00027,AC-00036,205894.11,2026-07-19T01:32:17.286834
TXN-000980,AC-00108,AC-00193,84500.67,2026-07-07T15:08:51.286834
TXN-000981,AC-00154,AC-00239,74394.11,2026-06-29T01:49:01.286834
TXN-000982,AC-00268,AC-00028,59777.39,2026-07-16T18:28:52.286834
TXN-000983,AC-00071,AC-00340,42202.38,2026-07-21T15:36:13.286834
TXN-000984,AC-00273,AC-00096,108547.37,2026-07-16T12:34:45.286834
TXN-000985,AC-00143,AC-00207,20169.2,2026-07-04T15:02:32.286834
TXN-000986,AC-00095,AC-00318,157836.25,2026-07-25T08:11:27.286834
TXN-000987,AC-00158,AC-00135,14078.9,2026-07-12T19:06:07.286834
TXN-000988,AC-00286,AC-00135,200174.33,2026-07-25T20:31:09.286834
TXN-000989,AC-00002,AC-00069,91020.72,2026-07-16T15:43:38.286834
TXN-000990,AC-00042,AC-00247,20644.75,2026-07-17T09:25:32.286834
TXN-000991,AC-00066,AC-00050,53407.9,2026-07-11T12:15:27.286834
TXN-000992,AC-00003,AC-00082,184187.24,2026-07-21T09:56:56.286834
TXN-000993,AC-00109,AC-00024,157259.06,2026-07-15T15:15:04.286834
TXN-000994,AC-00325,AC-00266,173924.54,2026-07-17T00:12:25.286834
TXN-000995,AC-00354,AC-00121,220507.18,2026-07-21T15:03:27.286834
TXN-000996,AC-00068,AC-00229,86279.33,2026-07-19T09:59:11.286834
TXN-000997,AC-00159,AC-00111,231570.29,2026-06-28T05:21:56.286834
TXN-000998,AC-00267,AC-00268,245760.31,2026-07-05T08:10:56.286834
TXN-000999,AC-00140,AC-00058,228293.04,2026-07-10T08:00:54.286834
TXN-001000,AC-00054,AC-00118,206695.66,2026-07-17T16:01:00.286834
TXN-001001,AC-00294,AC-00260,147905.36,2026-07-18T21:01:22.286834
TXN-001002,AC-00338,AC-00132,179685.43,2026-07-14T13:49:23.286834
TXN-001003,AC-00219,AC-00150,123972.8,2026-07-06T05:17:14.286834
TXN-001004,AC-00126,AC-00271,101510.86,2026-07-01T07:17:03.286834
TXN-001005,AC-00145,AC-00253,41122.86,2026-07-11T20:38:13.286834
TXN-001006,AC-00196,AC-00278,178454.91,2026-07-14T22:12:24.286834
TXN-001007,AC-00043,AC-00153,177916.85,2026-07-15T11:06:49.286834
TXN-001008,AC-00079,AC-00341,217110.14,2026-07-11T02:57:17.286834
TXN-001009,AC-00203,AC-00182,2297.24,2026-07-21T10:40:25.286834
TXN-001010,AC-00221,AC-00281,27918.69,2026-07-04T12:04:29.286834
TXN-001011,AC-00321,AC-00057,215876.42,2026-07-06T04:38:31.286834
TXN-001012,AC-00171,AC-00082,207614.31,2026-07-15T16:34:14.286834
TXN-001013,AC-00077,AC-00181,26215.21,2026-07-26T18:16:36.286834
TXN-001014,AC-00339,AC-00149,49334.62,2026-07-06T17:20:10.286834
TXN-001015,AC-00244,AC-00134,185671.9,2026-07-23T02:28:52.286834
TXN-001016,AC-00015,AC-00276,110406.37,2026-07-21T06:07:28.286834
TXN-001017,AC-00004,AC-00355,101332.3,2026-06-28T17:20:35.286834
TXN-001018,AC-00038,AC-00344,68605.03,2026-07-21T07:19:11.286834
TXN-001019,AC-00116,AC-00151,201468.91,2026-07-13T10:52:27.286834
TXN-001020,AC-00045,AC-00252,166810.09,2026-07-24T19:47:33.286834
TXN-001021,AC-00091,AC-00292,133881.42,2026-07-16T22:24:44.286834
TXN-001022,AC-00228,AC-00069,16319.7,2026-07-24T10:48:13.286834
TXN-001023,AC-00269,AC-00151,48797.24,2026-07-09T13:27:07.286834
TXN-001024,AC-00227,AC-00197,189184.39,2026-07-15T09:40:20.286834
TXN-001025,AC-00237,AC-00239,203986.74,2026-07-04T00:48:32.286834
TXN-001026,AC-00200,AC-00149,158497.42,2026-06-28T00:45:38.286834
TXN-001027,AC-00297,AC-00109,40895.03,2026-07-04T02:58:28.286834
TXN-001028,AC-00158,AC-00317,219447.75,2026-07-03T20:30:53.286834
TXN-001029,AC-00259,AC-00055,36513.98,2026-07-07T14:02:43.286834
TXN-001030,AC-00132,AC-00046,239406.1,2026-07-02T06:33:40.286834
TXN-001031,AC-00350,AC-00338,171321.91,2026-07-21T16:59:39.286834
TXN-001032,AC-00113,AC-00073,85395.26,2026-07-11T02:57:08.286834
TXN-001033,AC-00073,AC-00326,84666.01,2026-07-15T20:44:12.286834
TXN-001034,AC-00084,AC-00271,8367.68,2026-07-11T20:46:07.286834
TXN-001035,AC-00285,AC-00234,168047.55,2026-07-17T19:06:01.286834
TXN-001036,AC-00250,AC-00153,74122.02,2026-07-26T10:05:22.286834
TXN-001037,AC-00176,AC-00306,142971.72,2026-07-14T05:48:31.286834
TXN-001038,AC-00108,AC-00032,109197.87,2026-06-29T08:25:01.286834
TXN-001039,AC-00310,AC-00269,140303.99,2026-07-13T08:09:19.286834
TXN-001040,AC-00287,AC-00225,214120.33,2026-07-02T19:43:51.286834
TXN-001041,AC-00110,AC-00268,27786.46,2026-07-02T13:49:55.286834
TXN-001042,AC-00052,AC-00272,70018.58,2026-07-11T04:14:56.286834
TXN-001043,AC-00308,AC-00355,49712.24,2026-07-05T07:36:12.286834
TXN-001044,AC-00220,AC-00167,229489.19,2026-07-12T10:43:35.286834
TXN-001045,AC-00019,AC-00262,242289.38,2026-07-02T08:08:55.286834
TXN-001046,AC-00190,AC-00128,248453.39,2026-07-09T04:41:31.286834
TXN-001047,AC-00108,AC-00017,98798.49,2026-07-02T01:01:19.286834
TXN-001048,AC-00088,AC-00170,228741.16,2026-06-29T04:53:11.286834
TXN-001049,AC-00116,AC-00325,49572.28,2026-07-24T17:48:59.286834
TXN-001050,AC-00268,AC-00097,80967.19,2026-07-18T02:53:26.286834
TXN-001051,AC-00049,AC-00177,36962.54,2026-07-17T11:59:19.286834
TXN-001052,AC-00271,AC-00256,172277.56,2026-06-29T09:46:27.286834
TXN-001053,AC-00343,AC-00004,51394.5,2026-07-07T09:22:28.286834
TXN-001054,AC-00291,AC-00081,169091.17,2026-07-04T21:16:38.286834
TXN-001055,AC-00137,AC-00353,186584.5,2026-07-24T20:26:33.286834
TXN-001056,AC-00230,AC-00354,135258.23,2026-07-04T07:38:45.286834
TXN-001057,AC-00342,AC-00196,188921.66,2026-07-14T17:42:14.286834
TXN-001058,AC-00058,AC-00333,136140.66,2026-07-22T02:57:19.286834
TXN-001059,AC-00022,AC-00190,92985.31,2026-07-09T00:31:43.286834
TXN-001060,AC-00188,AC-00088,91315.51,2026-07-14T13:30:30.286834
TXN-001061,AC-00206,AC-00091,140623.39,2026-07-05T02:20:45.286834
TXN-001062,AC-00301,AC-00109,91554.24,2026-07-19T00:57:59.286834
TXN-001063,AC-00043,AC-00133,214263.62,2026-07-01T16:24:08.286834
TXN-001064,AC-00163,AC-00272,41044.4,2026-07-20T19:52:34.286834
TXN-001065,AC-00137,AC-00089,10964.34,2026-07-25T05:59:02.286834
TXN-001066,AC-00240,AC-00137,56125.23,2026-07-08T12:58:58.286834
TXN-001067,AC-00265,AC-00322,31772.84,2026-07-25T21:18:33.286834
TXN-001068,AC-00202,AC-00163,43467.48,2026-07-15T13:29:14.286834
TXN-001069,AC-00100,AC-00062,50754.11,2026-07-25T06:36:05.286834
TXN-001070,AC-00316,AC-00079,17079.64,2026-06-27T00:07:27.286834
TXN-001071,AC-00028,AC-00326,21021.54,2026-07-09T19:16:27.286834
TXN-001072,AC-00353,AC-00047,6078.88,2026-07-13T11:16:45.286834
TXN-001073,AC-00279,AC-00146,140469.1,2026-07-24T22:02:59.286834
TXN-001074,AC-00081,AC-00356,77602.8,2026-07-01T19:59:51.286834
TXN-001075,AC-00191,AC-00061,148472.83,2026-07-06T02:11:21.286834
TXN-001076,AC-00136,AC-00328,228956.32,2026-07-05T14:21:20.286834
TXN-001077,AC-00209,AC-00214,171429.37,2026-07-24T20:56:16.286834
TXN-001078,AC-00057,AC-00297,101088.91,2026-07-21T08:51:05.286834
TXN-001079,AC-00212,AC-00132,83122.75,2026-06-27T11:17:47.286834
TXN-001080,AC-00346,AC-00312,128789.99,2026-07-03T14:39:02.286834
TXN-001081,AC-00210,AC-00169,185843.85,2026-07-12T04:26:05.286834
TXN-001082,AC-00023,AC-00337,59687.2,2026-07-24T09:50:34.286834
TXN-001083,AC-00142,AC-00265,36554.31,2026-07-22T10:56:15.286834
TXN-001084,AC-00059,AC-00260,101711.15,2026-07-12T02:59:19.286834
TXN-001085,AC-00254,AC-00029,216025.9,2026-07-20T23:46:57.286834
TXN-001086,AC-00075,AC-00229,206776.33,2026-07-04T08:01:17.286834
TXN-001087,AC-00249,AC-00159,14430.1,2026-07-11T01:42:44.286834
TXN-001088,AC-00039,AC-00090,108852.5,2026-06-30T07:24:51.286834
TXN-001089,AC-00005,AC-00204,169797.08,2026-06-27T20:35:38.286834
TXN-001090,AC-00176,AC-00275,170268.52,2026-07-25T14:48:13.286834
TXN-001091,AC-00262,AC-00143,186233.66,2026-06-27T04:34:32.286834
TXN-001092,AC-00197,AC-00294,39333.45,2026-07-10T06:49:07.286834
TXN-001093,AC-00087,AC-00039,222046.48,2026-07-22T21:38:39.286834
TXN-001094,AC-00116,AC-00131,241952.29,2026-06-30T02:07:54.286834
TXN-001095,AC-00166,AC-00307,6930.98,2026-07-20T18:43:18.286834
TXN-001096,AC-00271,AC-00040,55005.75,2026-07-05T07:16:13.286834
TXN-001097,AC-00211,AC-00095,90504.76,2026-07-11T07:20:13.286834
TXN-001098,AC-00231,AC-00223,4800.22,2026-06-30T07:05:44.286834
TXN-001099,AC-00333,AC-00169,212734.71,2026-06-28T10:02:03.286834
TXN-001100,AC-00266,AC-00253,130145.85,2026-07-03T10:37:09.286834
TXN-001101,AC-00002,AC-00288,175201.59,2026-07-22T10:35:53.286834
TXN-001102,AC-00303,AC-00320,228735.14,2026-07-06T09:54:59.286834
TXN-001103,AC-00339,AC-00151,179934.78,2026-07-20T04:41:32.286834
TXN-001104,AC-00096,AC-00308,154959.9,2026-07-24T23:40:41.286834
TXN-001105,AC-00102,AC-00103,50171.84,2026-07-13T02:10:58.286834
TXN-001106,AC-00135,AC-00121,210496.78,2026-07-22T05:54:19.286834
TXN-001107,AC-00045,AC-00020,41085.56,2026-07-08T17:44:01.286834
TXN-001108,AC-00093,AC-00167,188726.61,2026-07-16T21:07:16.286834
TXN-001109,AC-00265,AC-00105,132930.58,2026-07-16T09:15:50.286834
TXN-001110,AC-00111,AC-00246,172430.26,2026-06-30T12:49:51.286834
TXN-001111,AC-00148,AC-00019,163950.16,2026-07-16T01:07:31.286834
TXN-001112,AC-00065,AC-00295,194561.77,2026-07-09T06:47:16.286834
TXN-001113,AC-00059,AC-00001,85072.87,2026-07-14T03:30:10.286834
TXN-001114,AC-00051,AC-00240,199422.19,2026-07-20T10:42:29.286834
TXN-001115,AC-00169,AC-00252,36050.04,2026-07-13T03:53:44.286834
TXN-001116,AC-00181,AC-00057,109015.14,2026-07-13T00:23:48.286834
TXN-001117,AC-00322,AC-00219,131450.07,2026-06-30T03:12:51.286834
TXN-001118,AC-00080,AC-00086,25797.68,2026-07-23T05:38:46.286834
TXN-001119,AC-00249,AC-00113,107340.09,2026-07-06T06:32:57.286834
TXN-001120,AC-00097,AC-00117,149992.35,2026-07-06T03:51:20.286834
TXN-001121,AC-00070,AC-00091,75968.13,2026-07-05T08:51:20.286834
TXN-001122,AC-00081,AC-00244,188424.41,2026-07-02T18:01:27.286834
TXN-001123,AC-00061,AC-00054,14640.14,2026-06-27T00:22:47.286834
TXN-001124,AC-00328,AC-00242,172080.38,2026-07-01T18:19:37.286834
TXN-001125,AC-00302,AC-00046,6472.87,2026-07-19T06:40:03.286834
TXN-001126,AC-00247,AC-00315,187528.43,2026-07-15T00:30:58.286834
TXN-001127,AC-00328,AC-00358,177817.85,2026-07-08T03:17:28.286834
TXN-001128,AC-00287,AC-00227,33566.88,2026-06-28T00:57:16.286834
TXN-001129,AC-00270,AC-00273,121803.58,2026-07-25T11:28:34.286834
TXN-001130,AC-00248,AC-00310,241579.23,2026-07-20T09:30:31.286834
TXN-001131,AC-00207,AC-00241,193463.67,2026-07-14T14:28:06.286834
TXN-001132,AC-00170,AC-00219,80858.87,2026-07-21T00:26:14.286834
TXN-001133,AC-00120,AC-00327,92946.04,2026-07-26T11:17:30.286834
TXN-001134,AC-00067,AC-00251,85094.61,2026-07-11T00:50:39.286834
TXN-001135,AC-00100,AC-00198,177603.19,2026-07-07T08:35:17.286834
TXN-001136,AC-00101,AC-00094,51158.56,2026-07-11T08:49:11.286834
TXN-001137,AC-00134,AC-00164,29667.5,2026-07-19T05:17:09.286834
TXN-001138,AC-00197,AC-00098,162572.37,2026-07-19T20:51:04.286834
TXN-001139,AC-00029,AC-00332,143800.98,2026-07-08T18:45:11.286834
TXN-001140,AC-00179,AC-00129,49870.74,2026-07-21T07:52:09.286834
TXN-001141,AC-00091,AC-00325,142812.94,2026-07-12T01:42:47.286834
TXN-001142,AC-00078,AC-00106,112078.37,2026-07-17T15:25:54.286834
TXN-001143,AC-00005,AC-00273,25574.89,2026-07-04T19:18:53.286834
TXN-001144,AC-00093,AC-00226,148242.2,2026-07-04T05:25:00.286834
TXN-001145,AC-00293,AC-00129,218998.7,2026-07-02T18:01:28.286834
TXN-001146,AC-00196,AC-00076,101963.44,2026-07-18T18:00:42.286834
TXN-001147,AC-00086,AC-00283,170814.97,2026-06-27T00:17:10.286834
TXN-001148,AC-00102,AC-00011,184474.63,2026-07-16T03:07:09.286834
TXN-001149,AC-00121,AC-00261,123691.46,2026-06-30T04:10:26.286834
TXN-001150,AC-00278,AC-00033,224920.91,2026-07-20T01:15:49.286834
TXN-001151,AC-00106,AC-00349,64607.98,2026-07-01T12:32:59.286834
TXN-001152,AC-00186,AC-00040,160141.63,2026-07-21T08:25:46.286834
TXN-001153,AC-00045,AC-00219,105609.34,2026-07-23T06:38:01.286834
TXN-001154,AC-00351,AC-00314,122948.21,2026-07-15T10:20:55.286834
TXN-001155,AC-00118,AC-00065,226026.68,2026-07-14T05:08:28.286834
TXN-001156,AC-00206,AC-00086,173522.22,2026-07-04T01:18:59.286834
TXN-001157,AC-00301,AC-00069,165550.7,2026-07-08T15:11:57.286834
TXN-001158,AC-00033,AC-00334,98637.35,2026-06-28T21:43:33.286834
TXN-001159,AC-00113,AC-00309,149272.86,2026-07-11T01:46:28.286834
TXN-001160,AC-00162,AC-00284,197756.33,2026-07-07T11:36:25.286834
TXN-001161,AC-00296,AC-00063,8098.1,2026-07-22T06:45:14.286834
TXN-001162,AC-00120,AC-00069,234157.2,2026-06-29T06:33:07.286834
TXN-001163,AC-00309,AC-00288,161929.44,2026-06-28T10:01:53.286834
TXN-001164,AC-00238,AC-00042,246744.88,2026-07-09T03:05:38.286834
TXN-001165,AC-00273,AC-00337,186791.0,2026-07-11T21:24:32.286834
TXN-001166,AC-00212,AC-00217,106908.24,2026-06-28T01:09:02.286834
TXN-001167,AC-00083,AC-00139,84501.34,2026-06-28T10:59:58.286834
TXN-001168,AC-00258,AC-00240,7016.23,2026-07-15T07:13:22.286834
TXN-001169,AC-00131,AC-00241,40362.95,2026-07-11T22:58:09.286834
TXN-001170,AC-00341,AC-00003,227117.0,2026-07-15T11:27:45.286834
TXN-001171,AC-00132,AC-00351,55183.07,2026-07-17T01:48:51.286834
TXN-001172,AC-00291,AC-00193,233440.34,2026-06-27T15:25:42.286834
TXN-001173,AC-00318,AC-00244,85784.23,2026-07-25T01:04:05.286834
TXN-001174,AC-00332,AC-00186,45972.15,2026-07-14T05:57:59.286834
TXN-001175,AC-00160,AC-00085,127270.95,2026-07-19T03:13:20.286834
TXN-001176,AC-00188,AC-00063,79103.98,2026-07-04T11:57:55.286834
TXN-001177,AC-00002,AC-00022,232187.68,2026-07-20T06:24:27.286834
TXN-001178,AC-00024,AC-00306,40519.09,2026-07-21T04:21:24.286834
TXN-001179,AC-00132,AC-00042,57929.06,2026-07-20T23:29:46.286834
TXN-001180,AC-00076,AC-00258,85152.15,2026-06-29T14:02:21.286834
TXN-001181,AC-00349,AC-00356,75930.01,2026-07-03T21:13:25.286834
TXN-001182,AC-00261,AC-00022,73030.0,2026-06-29T11:40:25.286834
TXN-001183,AC-00321,AC-00005,86692.46,2026-07-20T04:08:12.286834
TXN-001184,AC-00256,AC-00052,98427.6,2026-07-25T18:58:38.286834
TXN-001185,AC-00278,AC-00214,112085.04,2026-07-02T07:53:01.286834
TXN-001186,AC-00213,AC-00230,70074.17,2026-06-28T16:59:29.286834
TXN-001187,AC-00120,AC-00313,205253.75,2026-07-01T18:04:35.286834
TXN-001188,AC-00109,AC-00069,197471.66,2026-07-11T03:57:06.286834
TXN-001189,AC-00219,AC-00255,207999.77,2026-07-16T12:57:13.286834
TXN-001190,AC-00260,AC-00042,145073.37,2026-07-19T14:21:01.286834
TXN-001191,AC-00147,AC-00257,155269.41,2026-07-25T01:37:36.286834
TXN-001192,AC-00133,AC-00177,225121.28,2026-07-10T21:57:30.286834
TXN-001193,AC-00233,AC-00314,180819.04,2026-07-04T08:22:50.286834
TXN-001194,AC-00115,AC-00047,19406.87,2026-07-12T01:41:14.286834
TXN-001195,AC-00033,AC-00071,112282.6,2026-07-10T13:49:16.286834
TXN-001196,AC-00286,AC-00230,144307.55,2026-07-09T21:27:10.286834
TXN-001197,AC-00269,AC-00200,34979.3,2026-07-18T08:29:56.286834
TXN-001198,AC-00105,AC-00245,18063.46,2026-07-22T14:43:44.286834
TXN-001199,AC-00147,AC-00034,23369.67,2026-07-01T21:14:11.286834
TXN-001200,AC-00062,AC-00264,13730.81,2026-07-10T06:26:57.286834
